row,product_id,product_name,variation_name,master_color,master_size,sku
104,26336754672,Setelah Rompi dan Celana Anak 2 IN 1,"Navy,8-9 Tahun",Navy,8-9 Tahun,RC-A-NVY-8-9TH
105,26336754672,Setelah Rompi dan Celana Anak 2 IN 1,"Burgundy,6-7 Tahun",Marun Tua,6-7 Tahun,RC-A-MTA-6-7TH
106,26336754672,Setelah Rompi dan Celana Anak 2 IN 1,"Hitam,8-9 Tahun",Hitam,8-9 Tahun,RC-A-HTM-8-9TH
107,26336754672,Setelah Rompi dan Celana Anak 2 IN 1,"Hitam,12-13 Tahun",Hitam,12-13 Tahun,RC-A-HTM-12-13TH
108,26336754672,Setelah Rompi dan Celana Anak 2 IN 1,"Hitam,4-5 Tahun",Hitam,4-5 Tahun,RC-A-HTM-4-5TH
109,26336754672,Setelah Rompi dan Celana Anak 2 IN 1,"Navy,10-11 Tahun",Navy,10-11 Tahun,RC-A-NVY-10-11TH
110,26336754672,Setelah Rompi dan Celana Anak 2 IN 1,"Merah Cabe,12-13 Tahun",Merah Cabe,12-13 Tahun,RC-A-MCB-12-13TH
111,26336754672,Setelah Rompi dan Celana Anak 2 IN 1,"Merah Cabe,4-5 Tahun",Merah Cabe,4-5 Tahun,RC-A-MCB-4-5TH
112,26336754672,Setelah Rompi dan Celana Anak 2 IN 1,"Burgundy,2-3 Tahun",Marun Tua,2-3 Tahun,RC-A-MTA-2-3TH
113,26336754672,Setelah Rompi dan Celana Anak 2 IN 1,"Hitam,10-11 Tahun",Hitam,10-11 Tahun,RC-A-HTM-10-11TH
114,26336754672,Setelah Rompi dan Celana Anak 2 IN 1,"Navy,4-5 Tahun",Navy,4-5 Tahun,RC-A-NVY-4-5TH
115,26336754672,Setelah Rompi dan Celana Anak 2 IN 1,"Navy,12-13 Tahun",Navy,12-13 Tahun,RC-A-NVY-12-13TH
116,26336754672,Setelah Rompi dan Celana Anak 2 IN 1,"Burgundy,8-9 Tahun",Marun Tua,8-9 Tahun,RC-A-MTA-8-9TH
117,26336754672,Setelah Rompi dan Celana Anak 2 IN 1,"Merah Cabe,10-11 Tahun",Merah Cabe,10-11 Tahun,RC-A-MCB-10-11TH
118,26336754672,Setelah Rompi dan Celana Anak 2 IN 1,"Merah Cabe,6-7 Tahun",Merah Cabe,6-7 Tahun,RC-A-MCB-6-7TH
119,26336754672,Setelah Rompi dan Celana Anak 2 IN 1,"Burgundy,4-5 Tahun",Marun Tua,4-5 Tahun,RC-A-MTA-4-5TH
120,26336754672,Setelah Rompi dan Celana Anak 2 IN 1,"Merah Cabe,2-3 Tahun",Merah Cabe,2-3 Tahun,RC-A-MCB-2-3TH
121,26336754672,Setelah Rompi dan Celana Anak 2 IN 1,"Hitam,6-7 Tahun",Hitam,6-7 Tahun,RC-A-HTM-6-7TH
122,26336754672,Setelah Rompi dan Celana Anak 2 IN 1,"Hitam,2-3 Tahun",Hitam,2-3 Tahun,RC-A-HTM-2-3TH
123,26336754672,Setelah Rompi dan Celana Anak 2 IN 1,"Navy,2-3 Tahun",Navy,2-3 Tahun,RC-A-NVY-2-3TH
124,26336754672,Setelah Rompi dan Celana Anak 2 IN 1,"Merah Cabe,8-9 Tahun",Merah Cabe,8-9 Tahun,RC-A-MCB-8-9TH
125,26336754672,Setelah Rompi dan Celana Anak 2 IN 1,"Burgundy,12-13 Tahun",Marun Tua,12-13 Tahun,RC-A-MTA-12-13TH
126,26336754672,Setelah Rompi dan Celana Anak 2 IN 1,"Navy,6-7 Tahun",Navy,6-7 Tahun,RC-A-NVY-6-7TH
127,26336754672,Setelah Rompi dan Celana Anak 2 IN 1,"Burgundy,10-11 Tahun",Marun Tua,10-11 Tahun,RC-A-MTA-10-11TH
328,22656255576,Tuksedo 3 In 1 Set Jas Pria Tuxedo Pria Setelan Jas Pria Formal,"Navy,XXL",Navy,XXL,3IN1-P-NVY-XXL
329,22656255576,Tuksedo 3 In 1 Set Jas Pria Tuxedo Pria Setelan Jas Pria Formal,"Burgundy,XS",Marun Tua,XS,3IN1-P-MTA-XS
330,22656255576,Tuksedo 3 In 1 Set Jas Pria Tuxedo Pria Setelan Jas Pria Formal,"Putih,M",Putih,M,3IN1-P-PTH-M
331,22656255576,Tuksedo 3 In 1 Set Jas Pria Tuxedo Pria Setelan Jas Pria Formal,"Merah Cabe,L",Merah Cabe,L,3IN1-P-MCB-L
332,22656255576,Tuksedo 3 In 1 Set Jas Pria Tuxedo Pria Setelan Jas Pria Formal,"Sky Blue,S",Biru Langit,S,3IN1-P-BLG-S
333,22656255576,Tuksedo 3 In 1 Set Jas Pria Tuxedo Pria Setelan Jas Pria Formal,"Hitam,XL",Hitam,XL,3IN1-P-HTM-XL
334,22656255576,Tuksedo 3 In 1 Set Jas Pria Tuxedo Pria Setelan Jas Pria Formal,"Merah Cabe,S",Merah Cabe,S,3IN1-P-MCB-S
335,22656255576,Tuksedo 3 In 1 Set Jas Pria Tuxedo Pria Setelan Jas Pria Formal,"Putih,L",Putih,L,3IN1-P-PTH-L
336,22656255576,Tuksedo 3 In 1 Set Jas Pria Tuxedo Pria Setelan Jas Pria Formal,"Burgundy,XXL",Marun Tua,XXL,3IN1-P-MTA-XXL
337,22656255576,Tuksedo 3 In 1 Set Jas Pria Tuxedo Pria Setelan Jas Pria Formal,"Navy,XXXL",Navy,XXXL,3IN1-P-NVY-XXXL
338,22656255576,Tuksedo 3 In 1 Set Jas Pria Tuxedo Pria Setelan Jas Pria Formal,"Sky Blue,XL",Biru Langit,XL,3IN1-P-BLG-XL
339,22656255576,Tuksedo 3 In 1 Set Jas Pria Tuxedo Pria Setelan Jas Pria Formal,"Burgundy,XL",Marun Tua,XL,3IN1-P-MTA-XL
340,22656255576,Tuksedo 3 In 1 Set Jas Pria Tuxedo Pria Setelan Jas Pria Formal,"Burgundy,M",Marun Tua,M,3IN1-P-MTA-M
341,22656255576,Tuksedo 3 In 1 Set Jas Pria Tuxedo Pria Setelan Jas Pria Formal,"Merah Cabe,M",Merah Cabe,M,3IN1-P-MCB-M
342,22656255576,Tuksedo 3 In 1 Set Jas Pria Tuxedo Pria Setelan Jas Pria Formal,"Abu,XL",Abu,XL,3IN1-P-ABU-XL
343,22656255576,Tuksedo 3 In 1 Set Jas Pria Tuxedo Pria Setelan Jas Pria Formal,"Navy,XL",Navy,XL,3IN1-P-NVY-XL
344,22656255576,Tuksedo 3 In 1 Set Jas Pria Tuxedo Pria Setelan Jas Pria Formal,"Hitam,XS",Hitam,XS,3IN1-P-HTM-XS
345,22656255576,Tuksedo 3 In 1 Set Jas Pria Tuxedo Pria Setelan Jas Pria Formal,"Merah Cabe,XXL",Merah Cabe,XXL,3IN1-P-MCB-XXL
346,22656255576,Tuksedo 3 In 1 Set Jas Pria Tuxedo Pria Setelan Jas Pria Formal,"Sky Blue,M",Biru Langit,M,3IN1-P-BLG-M
347,22656255576,Tuksedo 3 In 1 Set Jas Pria Tuxedo Pria Setelan Jas Pria Formal,"Abu,XS",Abu,XS,3IN1-P-ABU-XS
348,22656255576,Tuksedo 3 In 1 Set Jas Pria Tuxedo Pria Setelan Jas Pria Formal,"Putih,XL",Putih,XL,3IN1-P-PTH-XL
349,22656255576,Tuksedo 3 In 1 Set Jas Pria Tuxedo Pria Setelan Jas Pria Formal,"Abu,M",Abu,M,3IN1-P-ABU-M
350,22656255576,Tuksedo 3 In 1 Set Jas Pria Tuxedo Pria Setelan Jas Pria Formal,"Putih,XS",Putih,XS,3IN1-P-PTH-XS
351,22656255576,Tuksedo 3 In 1 Set Jas Pria Tuxedo Pria Setelan Jas Pria Formal,"Putih,XXL",Putih,XXL,3IN1-P-PTH-XXL
352,22656255576,Tuksedo 3 In 1 Set Jas Pria Tuxedo Pria Setelan Jas Pria Formal,"Navy,L",Navy,L,3IN1-P-NVY-L
353,22656255576,Tuksedo 3 In 1 Set Jas Pria Tuxedo Pria Setelan Jas Pria Formal,"Hitam,L",Hitam,L,3IN1-P-HTM-L
354,22656255576,Tuksedo 3 In 1 Set Jas Pria Tuxedo Pria Setelan Jas Pria Formal,"Putih,XXXL",Putih,XXXL,3IN1-P-PTH-XXXL
355,22656255576,Tuksedo 3 In 1 Set Jas Pria Tuxedo Pria Setelan Jas Pria Formal,"Burgundy,S",Marun Tua,S,3IN1-P-MTA-S
356,22656255576,Tuksedo 3 In 1 Set Jas Pria Tuxedo Pria Setelan Jas Pria Formal,"Sky Blue,L",Biru Langit,L,3IN1-P-BLG-L
357,22656255576,Tuksedo 3 In 1 Set Jas Pria Tuxedo Pria Setelan Jas Pria Formal,"Abu,XXXL",Abu,XXXL,3IN1-P-ABU-XXXL
358,22656255576,Tuksedo 3 In 1 Set Jas Pria Tuxedo Pria Setelan Jas Pria Formal,"Abu,XXL",Abu,XXL,3IN1-P-ABU-XXL
359,22656255576,Tuksedo 3 In 1 Set Jas Pria Tuxedo Pria Setelan Jas Pria Formal,"Abu,S",Abu,S,3IN1-P-ABU-S
360,22656255576,Tuksedo 3 In 1 Set Jas Pria Tuxedo Pria Setelan Jas Pria Formal,"Merah Cabe,XS",Merah Cabe,XS,3IN1-P-MCB-XS
361,22656255576,Tuksedo 3 In 1 Set Jas Pria Tuxedo Pria Setelan Jas Pria Formal,"Navy,S",Navy,S,3IN1-P-NVY-S
362,22656255576,Tuksedo 3 In 1 Set Jas Pria Tuxedo Pria Setelan Jas Pria Formal,"Navy,M",Navy,M,3IN1-P-NVY-M
363,22656255576,Tuksedo 3 In 1 Set Jas Pria Tuxedo Pria Setelan Jas Pria Formal,"Sky Blue,XXL",Biru Langit,XXL,3IN1-P-BLG-XXL
364,22656255576,Tuksedo 3 In 1 Set Jas Pria Tuxedo Pria Setelan Jas Pria Formal,"Hitam,S",Hitam,S,3IN1-P-HTM-S
365,22656255576,Tuksedo 3 In 1 Set Jas Pria Tuxedo Pria Setelan Jas Pria Formal,"Burgundy,XXXL",Marun Tua,XXXL,3IN1-P-MTA-XXXL
366,22656255576,Tuksedo 3 In 1 Set Jas Pria Tuxedo Pria Setelan Jas Pria Formal,"Abu,L",Abu,L,3IN1-P-ABU-L
367,22656255576,Tuksedo 3 In 1 Set Jas Pria Tuxedo Pria Setelan Jas Pria Formal,"Burgundy,L",Marun Tua,L,3IN1-P-MTA-L
368,22656255576,Tuksedo 3 In 1 Set Jas Pria Tuxedo Pria Setelan Jas Pria Formal,"Merah Cabe,XL",Merah Cabe,XL,3IN1-P-MCB-XL
369,22656255576,Tuksedo 3 In 1 Set Jas Pria Tuxedo Pria Setelan Jas Pria Formal,"Putih,S",Putih,S,3IN1-P-PTH-S
370,22656255576,Tuksedo 3 In 1 Set Jas Pria Tuxedo Pria Setelan Jas Pria Formal,"Navy,XS",Navy,XS,3IN1-P-NVY-XS
371,22656255576,Tuksedo 3 In 1 Set Jas Pria Tuxedo Pria Setelan Jas Pria Formal,"Hitam,XXL",Hitam,XXL,3IN1-P-HTM-XXL
372,22656255576,Tuksedo 3 In 1 Set Jas Pria Tuxedo Pria Setelan Jas Pria Formal,"Merah Cabe,XXXL",Merah Cabe,XXXL,3IN1-P-MCB-XXXL
373,22656255576,Tuksedo 3 In 1 Set Jas Pria Tuxedo Pria Setelan Jas Pria Formal,"Sky Blue,XXXL",Biru Langit,XXXL,3IN1-P-BLG-XXXL
374,22656255576,Tuksedo 3 In 1 Set Jas Pria Tuxedo Pria Setelan Jas Pria Formal,"Hitam,M",Hitam,M,3IN1-P-HTM-M
375,22656255576,Tuksedo 3 In 1 Set Jas Pria Tuxedo Pria Setelan Jas Pria Formal,"Sky Blue,XS",Biru Langit,XS,3IN1-P-BLG-XS
376,22656255576,Tuksedo 3 In 1 Set Jas Pria Tuxedo Pria Setelan Jas Pria Formal,"Hitam,XXXL",Hitam,XXXL,3IN1-P-HTM-XXXL
377,22375612618,Paket 2 IN 1 Blazer Wanita Dan Celana Kantor Formal Dengan Bahan dan Kualitas Premium Pakaian Kantor Pakaian Wisuda Pakaian Sidang Skripsi,"Baby Pink,XXXL",Baby Pink,XXXL,JC-W-BPK-XXXL
378,22375612618,Paket 2 IN 1 Blazer Wanita Dan Celana Kantor Formal Dengan Bahan dan Kualitas Premium Pakaian Kantor Pakaian Wisuda Pakaian Sidang Skripsi,"Abu,S",Abu,S,JC-W-ABU-S
379,22375612618,Paket 2 IN 1 Blazer Wanita Dan Celana Kantor Formal Dengan Bahan dan Kualitas Premium Pakaian Kantor Pakaian Wisuda Pakaian Sidang Skripsi,"Abu,XL",Abu,XL,JC-W-ABU-XL
380,22375612618,Paket 2 IN 1 Blazer Wanita Dan Celana Kantor Formal Dengan Bahan dan Kualitas Premium Pakaian Kantor Pakaian Wisuda Pakaian Sidang Skripsi,"Baby Pink,XS",Baby Pink,XS,JC-W-BPK-XS
381,22375612618,Paket 2 IN 1 Blazer Wanita Dan Celana Kantor Formal Dengan Bahan dan Kualitas Premium Pakaian Kantor Pakaian Wisuda Pakaian Sidang Skripsi,"Hitam,M",Hitam,M,JC-W-HTM-M
382,22375612618,Paket 2 IN 1 Blazer Wanita Dan Celana Kantor Formal Dengan Bahan dan Kualitas Premium Pakaian Kantor Pakaian Wisuda Pakaian Sidang Skripsi,"Abu,XXXL",Abu,XXXL,JC-W-ABU-XXXL
383,22375612618,Paket 2 IN 1 Blazer Wanita Dan Celana Kantor Formal Dengan Bahan dan Kualitas Premium Pakaian Kantor Pakaian Wisuda Pakaian Sidang Skripsi,"Baby Pink,S",Baby Pink,S,JC-W-BPK-S
384,22375612618,Paket 2 IN 1 Blazer Wanita Dan Celana Kantor Formal Dengan Bahan dan Kualitas Premium Pakaian Kantor Pakaian Wisuda Pakaian Sidang Skripsi,"Hitam,S",Hitam,S,JC-W-HTM-S
385,22375612618,Paket 2 IN 1 Blazer Wanita Dan Celana Kantor Formal Dengan Bahan dan Kualitas Premium Pakaian Kantor Pakaian Wisuda Pakaian Sidang Skripsi,"Burgundy,L",Marun Tua,L,JC-W-MTA-L
386,22375612618,Paket 2 IN 1 Blazer Wanita Dan Celana Kantor Formal Dengan Bahan dan Kualitas Premium Pakaian Kantor Pakaian Wisuda Pakaian Sidang Skripsi,"Cream,XXL",Krem,XXL,JC-W-KRM-XXL
387,22375612618,Paket 2 IN 1 Blazer Wanita Dan Celana Kantor Formal Dengan Bahan dan Kualitas Premium Pakaian Kantor Pakaian Wisuda Pakaian Sidang Skripsi,"Marun,S",Marun Muda,S,JC-W-MMD-S
388,22375612618,Paket 2 IN 1 Blazer Wanita Dan Celana Kantor Formal Dengan Bahan dan Kualitas Premium Pakaian Kantor Pakaian Wisuda Pakaian Sidang Skripsi,"Putih,XXXL",Putih,XXXL,JC-W-PTH-XXXL
389,22375612618,Paket 2 IN 1 Blazer Wanita Dan Celana Kantor Formal Dengan Bahan dan Kualitas Premium Pakaian Kantor Pakaian Wisuda Pakaian Sidang Skripsi,"Burgundy,S",Marun Tua,S,JC-W-MTA-S
390,22375612618,Paket 2 IN 1 Blazer Wanita Dan Celana Kantor Formal Dengan Bahan dan Kualitas Premium Pakaian Kantor Pakaian Wisuda Pakaian Sidang Skripsi,"Cream,M",Krem,M,JC-W-KRM-M
391,22375612618,Paket 2 IN 1 Blazer Wanita Dan Celana Kantor Formal Dengan Bahan dan Kualitas Premium Pakaian Kantor Pakaian Wisuda Pakaian Sidang Skripsi,"Marun,XS",Marun Muda,XS,JC-W-MMD-XS
392,22375612618,Paket 2 IN 1 Blazer Wanita Dan Celana Kantor Formal Dengan Bahan dan Kualitas Premium Pakaian Kantor Pakaian Wisuda Pakaian Sidang Skripsi,"Cream,XS",Krem,XS,JC-W-KRM-XS
393,22375612618,Paket 2 IN 1 Blazer Wanita Dan Celana Kantor Formal Dengan Bahan dan Kualitas Premium Pakaian Kantor Pakaian Wisuda Pakaian Sidang Skripsi,"Abu,M",Abu,M,JC-W-ABU-M
394,22375612618,Paket 2 IN 1 Blazer Wanita Dan Celana Kantor Formal Dengan Bahan dan Kualitas Premium Pakaian Kantor Pakaian Wisuda Pakaian Sidang Skripsi,"Hitam,XXXL",Hitam,XXXL,JC-W-HTM-XXXL
395,22375612618,Paket 2 IN 1 Blazer Wanita Dan Celana Kantor Formal Dengan Bahan dan Kualitas Premium Pakaian Kantor Pakaian Wisuda Pakaian Sidang Skripsi,"Putih,M",Putih,M,JC-W-PTH-M
396,22375612618,Paket 2 IN 1 Blazer Wanita Dan Celana Kantor Formal Dengan Bahan dan Kualitas Premium Pakaian Kantor Pakaian Wisuda Pakaian Sidang Skripsi,"Putih,S",Putih,S,JC-W-PTH-S
397,22375612618,Paket 2 IN 1 Blazer Wanita Dan Celana Kantor Formal Dengan Bahan dan Kualitas Premium Pakaian Kantor Pakaian Wisuda Pakaian Sidang Skripsi,"Biru langit,L",Biru Langit,L,JC-W-BLG-L
398,22375612618,Paket 2 IN 1 Blazer Wanita Dan Celana Kantor Formal Dengan Bahan dan Kualitas Premium Pakaian Kantor Pakaian Wisuda Pakaian Sidang Skripsi,"Navy,L",Navy,L,JC-W-NVY-L
399,22375612618,Paket 2 IN 1 Blazer Wanita Dan Celana Kantor Formal Dengan Bahan dan Kualitas Premium Pakaian Kantor Pakaian Wisuda Pakaian Sidang Skripsi,"Cream,XXXL",Krem,XXXL,JC-W-KRM-XXXL
400,22375612618,Paket 2 IN 1 Blazer Wanita Dan Celana Kantor Formal Dengan Bahan dan Kualitas Premium Pakaian Kantor Pakaian Wisuda Pakaian Sidang Skripsi,"Marun,XXL",Marun Muda,XXL,JC-W-MMD-XXL
401,22375612618,Paket 2 IN 1 Blazer Wanita Dan Celana Kantor Formal Dengan Bahan dan Kualitas Premium Pakaian Kantor Pakaian Wisuda Pakaian Sidang Skripsi,"Marun,L",Marun Muda,L,JC-W-MMD-L
402,22375612618,Paket 2 IN 1 Blazer Wanita Dan Celana Kantor Formal Dengan Bahan dan Kualitas Premium Pakaian Kantor Pakaian Wisuda Pakaian Sidang Skripsi,"Biru langit,XXL",Biru Langit,XXL,JC-W-BLG-XXL
403,22375612618,Paket 2 IN 1 Blazer Wanita Dan Celana Kantor Formal Dengan Bahan dan Kualitas Premium Pakaian Kantor Pakaian Wisuda Pakaian Sidang Skripsi,"Burgundy,XS",Marun Tua,XS,JC-W-MTA-XS
404,22375612618,Paket 2 IN 1 Blazer Wanita Dan Celana Kantor Formal Dengan Bahan dan Kualitas Premium Pakaian Kantor Pakaian Wisuda Pakaian Sidang Skripsi,"Navy,XS",Navy,XS,JC-W-NVY-XS
405,22375612618,Paket 2 IN 1 Blazer Wanita Dan Celana Kantor Formal Dengan Bahan dan Kualitas Premium Pakaian Kantor Pakaian Wisuda Pakaian Sidang Skripsi,"Merah Cabe,S",Merah Cabe,S,JC-W-MCB-S
406,22375612618,Paket 2 IN 1 Blazer Wanita Dan Celana Kantor Formal Dengan Bahan dan Kualitas Premium Pakaian Kantor Pakaian Wisuda Pakaian Sidang Skripsi,"Baby Pink,L",Baby Pink,L,JC-W-BPK-L
407,22375612618,Paket 2 IN 1 Blazer Wanita Dan Celana Kantor Formal Dengan Bahan dan Kualitas Premium Pakaian Kantor Pakaian Wisuda Pakaian Sidang Skripsi,"Baby Pink,XL",Baby Pink,XL,JC-W-BPK-XL
408,22375612618,Paket 2 IN 1 Blazer Wanita Dan Celana Kantor Formal Dengan Bahan dan Kualitas Premium Pakaian Kantor Pakaian Wisuda Pakaian Sidang Skripsi,"Cream,XL",Krem,XL,JC-W-KRM-XL
409,22375612618,Paket 2 IN 1 Blazer Wanita Dan Celana Kantor Formal Dengan Bahan dan Kualitas Premium Pakaian Kantor Pakaian Wisuda Pakaian Sidang Skripsi,"Putih,L",Putih,L,JC-W-PTH-L
410,22375612618,Paket 2 IN 1 Blazer Wanita Dan Celana Kantor Formal Dengan Bahan dan Kualitas Premium Pakaian Kantor Pakaian Wisuda Pakaian Sidang Skripsi,"Biru langit,XXXL",Biru Langit,XXXL,JC-W-BLG-XXXL
411,22375612618,Paket 2 IN 1 Blazer Wanita Dan Celana Kantor Formal Dengan Bahan dan Kualitas Premium Pakaian Kantor Pakaian Wisuda Pakaian Sidang Skripsi,"Biru langit,XL",Biru Langit,XL,JC-W-BLG-XL
412,22375612618,Paket 2 IN 1 Blazer Wanita Dan Celana Kantor Formal Dengan Bahan dan Kualitas Premium Pakaian Kantor Pakaian Wisuda Pakaian Sidang Skripsi,"Hitam,XS",Hitam,XS,JC-W-HTM-XS
413,22375612618,Paket 2 IN 1 Blazer Wanita Dan Celana Kantor Formal Dengan Bahan dan Kualitas Premium Pakaian Kantor Pakaian Wisuda Pakaian Sidang Skripsi,"Biru langit,M",Biru Langit,M,JC-W-BLG-M
414,22375612618,Paket 2 IN 1 Blazer Wanita Dan Celana Kantor Formal Dengan Bahan dan Kualitas Premium Pakaian Kantor Pakaian Wisuda Pakaian Sidang Skripsi,"Cream,L",Krem,L,JC-W-KRM-L
415,22375612618,Paket 2 IN 1 Blazer Wanita Dan Celana Kantor Formal Dengan Bahan dan Kualitas Premium Pakaian Kantor Pakaian Wisuda Pakaian Sidang Skripsi,"Merah Cabe,XS",Merah Cabe,XS,JC-W-MCB-XS
416,22375612618,Paket 2 IN 1 Blazer Wanita Dan Celana Kantor Formal Dengan Bahan dan Kualitas Premium Pakaian Kantor Pakaian Wisuda Pakaian Sidang Skripsi,"Navy,XXL",Navy,XXL,JC-W-NVY-XXL
417,22375612618,Paket 2 IN 1 Blazer Wanita Dan Celana Kantor Formal Dengan Bahan dan Kualitas Premium Pakaian Kantor Pakaian Wisuda Pakaian Sidang Skripsi,"Hitam,XXL",Hitam,XXL,JC-W-HTM-XXL
418,22375612618,Paket 2 IN 1 Blazer Wanita Dan Celana Kantor Formal Dengan Bahan dan Kualitas Premium Pakaian Kantor Pakaian Wisuda Pakaian Sidang Skripsi,"Putih,XL",Putih,XL,JC-W-PTH-XL
419,22375612618,Paket 2 IN 1 Blazer Wanita Dan Celana Kantor Formal Dengan Bahan dan Kualitas Premium Pakaian Kantor Pakaian Wisuda Pakaian Sidang Skripsi,"Marun,XL",Marun Muda,XL,JC-W-MMD-XL
420,22375612618,Paket 2 IN 1 Blazer Wanita Dan Celana Kantor Formal Dengan Bahan dan Kualitas Premium Pakaian Kantor Pakaian Wisuda Pakaian Sidang Skripsi,"Abu,L",Abu,L,JC-W-ABU-L
421,22375612618,Paket 2 IN 1 Blazer Wanita Dan Celana Kantor Formal Dengan Bahan dan Kualitas Premium Pakaian Kantor Pakaian Wisuda Pakaian Sidang Skripsi,"Merah Cabe,M",Merah Cabe,M,JC-W-MCB-M
422,22375612618,Paket 2 IN 1 Blazer Wanita Dan Celana Kantor Formal Dengan Bahan dan Kualitas Premium Pakaian Kantor Pakaian Wisuda Pakaian Sidang Skripsi,"Putih,XXL",Putih,XXL,JC-W-PTH-XXL
423,22375612618,Paket 2 IN 1 Blazer Wanita Dan Celana Kantor Formal Dengan Bahan dan Kualitas Premium Pakaian Kantor Pakaian Wisuda Pakaian Sidang Skripsi,"Marun,M",Marun Muda,M,JC-W-MMD-M
424,22375612618,Paket 2 IN 1 Blazer Wanita Dan Celana Kantor Formal Dengan Bahan dan Kualitas Premium Pakaian Kantor Pakaian Wisuda Pakaian Sidang Skripsi,"Navy,S",Navy,S,JC-W-NVY-S
425,22375612618,Paket 2 IN 1 Blazer Wanita Dan Celana Kantor Formal Dengan Bahan dan Kualitas Premium Pakaian Kantor Pakaian Wisuda Pakaian Sidang Skripsi,"Baby Pink,M",Baby Pink,M,JC-W-BPK-M
426,22375612618,Paket 2 IN 1 Blazer Wanita Dan Celana Kantor Formal Dengan Bahan dan Kualitas Premium Pakaian Kantor Pakaian Wisuda Pakaian Sidang Skripsi,"Biru langit,S",Biru Langit,S,JC-W-BLG-S
427,22375612618,Paket 2 IN 1 Blazer Wanita Dan Celana Kantor Formal Dengan Bahan dan Kualitas Premium Pakaian Kantor Pakaian Wisuda Pakaian Sidang Skripsi,"Navy,XL",Navy,XL,JC-W-NVY-XL
428,22375612618,Paket 2 IN 1 Blazer Wanita Dan Celana Kantor Formal Dengan Bahan dan Kualitas Premium Pakaian Kantor Pakaian Wisuda Pakaian Sidang Skripsi,"Hitam,L",Hitam,L,JC-W-HTM-L
429,22375612618,Paket 2 IN 1 Blazer Wanita Dan Celana Kantor Formal Dengan Bahan dan Kualitas Premium Pakaian Kantor Pakaian Wisuda Pakaian Sidang Skripsi,"Burgundy,XL",Marun Tua,XL,JC-W-MTA-XL
430,22375612618,Paket 2 IN 1 Blazer Wanita Dan Celana Kantor Formal Dengan Bahan dan Kualitas Premium Pakaian Kantor Pakaian Wisuda Pakaian Sidang Skripsi,"Putih,XS",Putih,XS,JC-W-PTH-XS
431,22375612618,Paket 2 IN 1 Blazer Wanita Dan Celana Kantor Formal Dengan Bahan dan Kualitas Premium Pakaian Kantor Pakaian Wisuda Pakaian Sidang Skripsi,"Merah Cabe,XL",Merah Cabe,XL,JC-W-MCB-XL
432,22375612618,Paket 2 IN 1 Blazer Wanita Dan Celana Kantor Formal Dengan Bahan dan Kualitas Premium Pakaian Kantor Pakaian Wisuda Pakaian Sidang Skripsi,"Navy,M",Navy,M,JC-W-NVY-M
433,22375612618,Paket 2 IN 1 Blazer Wanita Dan Celana Kantor Formal Dengan Bahan dan Kualitas Premium Pakaian Kantor Pakaian Wisuda Pakaian Sidang Skripsi,"Burgundy,XXXL",Marun Tua,XXXL,JC-W-MTA-XXXL
434,22375612618,Paket 2 IN 1 Blazer Wanita Dan Celana Kantor Formal Dengan Bahan dan Kualitas Premium Pakaian Kantor Pakaian Wisuda Pakaian Sidang Skripsi,"Cream,S",Krem,S,JC-W-KRM-S
435,22375612618,Paket 2 IN 1 Blazer Wanita Dan Celana Kantor Formal Dengan Bahan dan Kualitas Premium Pakaian Kantor Pakaian Wisuda Pakaian Sidang Skripsi,"Merah Cabe,XXXL",Merah Cabe,XXXL,JC-W-MCB-XXXL
436,22375612618,Paket 2 IN 1 Blazer Wanita Dan Celana Kantor Formal Dengan Bahan dan Kualitas Premium Pakaian Kantor Pakaian Wisuda Pakaian Sidang Skripsi,"Marun,XXXL",Marun Muda,XXXL,JC-W-MMD-XXXL
437,22375612618,Paket 2 IN 1 Blazer Wanita Dan Celana Kantor Formal Dengan Bahan dan Kualitas Premium Pakaian Kantor Pakaian Wisuda Pakaian Sidang Skripsi,"Hitam,XL",Hitam,XL,JC-W-HTM-XL
438,22375612618,Paket 2 IN 1 Blazer Wanita Dan Celana Kantor Formal Dengan Bahan dan Kualitas Premium Pakaian Kantor Pakaian Wisuda Pakaian Sidang Skripsi,"Merah Cabe,XXL",Merah Cabe,XXL,JC-W-MCB-XXL
439,22375612618,Paket 2 IN 1 Blazer Wanita Dan Celana Kantor Formal Dengan Bahan dan Kualitas Premium Pakaian Kantor Pakaian Wisuda Pakaian Sidang Skripsi,"Burgundy,XXL",Marun Tua,XXL,JC-W-MTA-XXL
440,22375612618,Paket 2 IN 1 Blazer Wanita Dan Celana Kantor Formal Dengan Bahan dan Kualitas Premium Pakaian Kantor Pakaian Wisuda Pakaian Sidang Skripsi,"Baby Pink,XXL",Baby Pink,XXL,JC-W-BPK-XXL
441,22375612618,Paket 2 IN 1 Blazer Wanita Dan Celana Kantor Formal Dengan Bahan dan Kualitas Premium Pakaian Kantor Pakaian Wisuda Pakaian Sidang Skripsi,"Burgundy,M",Marun Tua,M,JC-W-MTA-M
442,22375612618,Paket 2 IN 1 Blazer Wanita Dan Celana Kantor Formal Dengan Bahan dan Kualitas Premium Pakaian Kantor Pakaian Wisuda Pakaian Sidang Skripsi,"Abu,XXL",Abu,XXL,JC-W-ABU-XXL
443,22375612618,Paket 2 IN 1 Blazer Wanita Dan Celana Kantor Formal Dengan Bahan dan Kualitas Premium Pakaian Kantor Pakaian Wisuda Pakaian Sidang Skripsi,"Merah Cabe,L",Merah Cabe,L,JC-W-MCB-L
444,22375612618,Paket 2 IN 1 Blazer Wanita Dan Celana Kantor Formal Dengan Bahan dan Kualitas Premium Pakaian Kantor Pakaian Wisuda Pakaian Sidang Skripsi,"Biru langit,XS",Biru Langit,XS,JC-W-BLG-XS
445,22375612618,Paket 2 IN 1 Blazer Wanita Dan Celana Kantor Formal Dengan Bahan dan Kualitas Premium Pakaian Kantor Pakaian Wisuda Pakaian Sidang Skripsi,"Abu,XS",Abu,XS,JC-W-ABU-XS
446,22375612618,Paket 2 IN 1 Blazer Wanita Dan Celana Kantor Formal Dengan Bahan dan Kualitas Premium Pakaian Kantor Pakaian Wisuda Pakaian Sidang Skripsi,"Navy,XXXL",Navy,XXXL,JC-W-NVY-XXXL
447,22226266149,Best Seller 2 In 1 Berisi Jas dan Celana Bahan Tuxedo Style Korea Pakaian Nikah Pria Jas Wisuda Laki Laki Pakaian Sidang Skripsi Pakaian Meeting,"Navy,XXL",Navy,XXL,JC-P-NVY-XXL
448,22226266149,Best Seller 2 In 1 Berisi Jas dan Celana Bahan Tuxedo Style Korea Pakaian Nikah Pria Jas Wisuda Laki Laki Pakaian Sidang Skripsi Pakaian Meeting,"Marun Tua,XXXL",Marun Tua,XXXL,JC-P-MTA-XXXL
449,22226266149,Best Seller 2 In 1 Berisi Jas dan Celana Bahan Tuxedo Style Korea Pakaian Nikah Pria Jas Wisuda Laki Laki Pakaian Sidang Skripsi Pakaian Meeting,"Navy,XXXL",Navy,XXXL,JC-P-NVY-XXXL
450,22226266149,Best Seller 2 In 1 Berisi Jas dan Celana Bahan Tuxedo Style Korea Pakaian Nikah Pria Jas Wisuda Laki Laki Pakaian Sidang Skripsi Pakaian Meeting,"Navy,XL",Navy,XL,JC-P-NVY-XL
451,22226266149,Best Seller 2 In 1 Berisi Jas dan Celana Bahan Tuxedo Style Korea Pakaian Nikah Pria Jas Wisuda Laki Laki Pakaian Sidang Skripsi Pakaian Meeting,"Biru Langit,XS",Biru Langit,XS,JC-P-BLG-XS
452,22226266149,Best Seller 2 In 1 Berisi Jas dan Celana Bahan Tuxedo Style Korea Pakaian Nikah Pria Jas Wisuda Laki Laki Pakaian Sidang Skripsi Pakaian Meeting,"Biru Langit,XXXL",Biru Langit,XXXL,JC-P-BLG-XXXL
453,22226266149,Best Seller 2 In 1 Berisi Jas dan Celana Bahan Tuxedo Style Korea Pakaian Nikah Pria Jas Wisuda Laki Laki Pakaian Sidang Skripsi Pakaian Meeting,"Putih,XXXL",Putih,XXXL,JC-P-PTH-XXXL
454,22226266149,Best Seller 2 In 1 Berisi Jas dan Celana Bahan Tuxedo Style Korea Pakaian Nikah Pria Jas Wisuda Laki Laki Pakaian Sidang Skripsi Pakaian Meeting,"Marun,S",Marun Muda,S,JC-P-MMD-S
455,22226266149,Best Seller 2 In 1 Berisi Jas dan Celana Bahan Tuxedo Style Korea Pakaian Nikah Pria Jas Wisuda Laki Laki Pakaian Sidang Skripsi Pakaian Meeting,"Hitam,M",Hitam,M,JC-P-HTM-M
456,22226266149,Best Seller 2 In 1 Berisi Jas dan Celana Bahan Tuxedo Style Korea Pakaian Nikah Pria Jas Wisuda Laki Laki Pakaian Sidang Skripsi Pakaian Meeting,"Putih,XL",Putih,XL,JC-P-PTH-XL
457,22226266149,Best Seller 2 In 1 Berisi Jas dan Celana Bahan Tuxedo Style Korea Pakaian Nikah Pria Jas Wisuda Laki Laki Pakaian Sidang Skripsi Pakaian Meeting,"Merah Cabe,M",Merah Cabe,M,JC-P-MCB-M
458,22226266149,Best Seller 2 In 1 Berisi Jas dan Celana Bahan Tuxedo Style Korea Pakaian Nikah Pria Jas Wisuda Laki Laki Pakaian Sidang Skripsi Pakaian Meeting,"Marun,XS",Marun Muda,XS,JC-P-MMD-XS
459,22226266149,Best Seller 2 In 1 Berisi Jas dan Celana Bahan Tuxedo Style Korea Pakaian Nikah Pria Jas Wisuda Laki Laki Pakaian Sidang Skripsi Pakaian Meeting,"Biru Langit,S",Biru Langit,S,JC-P-BLG-S
460,22226266149,Best Seller 2 In 1 Berisi Jas dan Celana Bahan Tuxedo Style Korea Pakaian Nikah Pria Jas Wisuda Laki Laki Pakaian Sidang Skripsi Pakaian Meeting,"Abu,XXL",Abu,XXL,JC-P-ABU-XXL
461,22226266149,Best Seller 2 In 1 Berisi Jas dan Celana Bahan Tuxedo Style Korea Pakaian Nikah Pria Jas Wisuda Laki Laki Pakaian Sidang Skripsi Pakaian Meeting,"Marun Tua,M",Marun Tua,M,JC-P-MTA-M
462,22226266149,Best Seller 2 In 1 Berisi Jas dan Celana Bahan Tuxedo Style Korea Pakaian Nikah Pria Jas Wisuda Laki Laki Pakaian Sidang Skripsi Pakaian Meeting,"Putih,L",Putih,L,JC-P-PTH-L
463,22226266149,Best Seller 2 In 1 Berisi Jas dan Celana Bahan Tuxedo Style Korea Pakaian Nikah Pria Jas Wisuda Laki Laki Pakaian Sidang Skripsi Pakaian Meeting,"Marun,M",Marun Muda,M,JC-P-MMD-M
464,22226266149,Best Seller 2 In 1 Berisi Jas dan Celana Bahan Tuxedo Style Korea Pakaian Nikah Pria Jas Wisuda Laki Laki Pakaian Sidang Skripsi Pakaian Meeting,"Merah Cabe,XL",Merah Cabe,XL,JC-P-MCB-XL
465,22226266149,Best Seller 2 In 1 Berisi Jas dan Celana Bahan Tuxedo Style Korea Pakaian Nikah Pria Jas Wisuda Laki Laki Pakaian Sidang Skripsi Pakaian Meeting,"Marun,XXL",Marun Muda,XXL,JC-P-MMD-XXL
466,22226266149,Best Seller 2 In 1 Berisi Jas dan Celana Bahan Tuxedo Style Korea Pakaian Nikah Pria Jas Wisuda Laki Laki Pakaian Sidang Skripsi Pakaian Meeting,"Hitam,S",Hitam,S,JC-P-HTM-S
467,22226266149,Best Seller 2 In 1 Berisi Jas dan Celana Bahan Tuxedo Style Korea Pakaian Nikah Pria Jas Wisuda Laki Laki Pakaian Sidang Skripsi Pakaian Meeting,"Abu,XS",Abu,XS,JC-P-ABU-XS
468,22226266149,Best Seller 2 In 1 Berisi Jas dan Celana Bahan Tuxedo Style Korea Pakaian Nikah Pria Jas Wisuda Laki Laki Pakaian Sidang Skripsi Pakaian Meeting,"Biru Langit,XXL",Biru Langit,XXL,JC-P-BLG-XXL
469,22226266149,Best Seller 2 In 1 Berisi Jas dan Celana Bahan Tuxedo Style Korea Pakaian Nikah Pria Jas Wisuda Laki Laki Pakaian Sidang Skripsi Pakaian Meeting,"Navy,S",Navy,S,JC-P-NVY-S
470,22226266149,Best Seller 2 In 1 Berisi Jas dan Celana Bahan Tuxedo Style Korea Pakaian Nikah Pria Jas Wisuda Laki Laki Pakaian Sidang Skripsi Pakaian Meeting,"Biru Langit,L",Biru Langit,L,JC-P-BLG-L
471,22226266149,Best Seller 2 In 1 Berisi Jas dan Celana Bahan Tuxedo Style Korea Pakaian Nikah Pria Jas Wisuda Laki Laki Pakaian Sidang Skripsi Pakaian Meeting,"Hitam,L",Hitam,L,JC-P-HTM-L
472,22226266149,Best Seller 2 In 1 Berisi Jas dan Celana Bahan Tuxedo Style Korea Pakaian Nikah Pria Jas Wisuda Laki Laki Pakaian Sidang Skripsi Pakaian Meeting,"Abu,XXXL",Abu,XXXL,JC-P-ABU-XXXL
473,22226266149,Best Seller 2 In 1 Berisi Jas dan Celana Bahan Tuxedo Style Korea Pakaian Nikah Pria Jas Wisuda Laki Laki Pakaian Sidang Skripsi Pakaian Meeting,"Merah Cabe,XXXL",Merah Cabe,XXXL,JC-P-MCB-XXXL
474,22226266149,Best Seller 2 In 1 Berisi Jas dan Celana Bahan Tuxedo Style Korea Pakaian Nikah Pria Jas Wisuda Laki Laki Pakaian Sidang Skripsi Pakaian Meeting,"Navy,M",Navy,M,JC-P-NVY-M
475,22226266149,Best Seller 2 In 1 Berisi Jas dan Celana Bahan Tuxedo Style Korea Pakaian Nikah Pria Jas Wisuda Laki Laki Pakaian Sidang Skripsi Pakaian Meeting,"Marun Tua,XL",Marun Tua,XL,JC-P-MTA-XL
476,22226266149,Best Seller 2 In 1 Berisi Jas dan Celana Bahan Tuxedo Style Korea Pakaian Nikah Pria Jas Wisuda Laki Laki Pakaian Sidang Skripsi Pakaian Meeting,"Abu,XL",Abu,XL,JC-P-ABU-XL
477,22226266149,Best Seller 2 In 1 Berisi Jas dan Celana Bahan Tuxedo Style Korea Pakaian Nikah Pria Jas Wisuda Laki Laki Pakaian Sidang Skripsi Pakaian Meeting,"Hitam,XXL",Hitam,XXL,JC-P-HTM-XXL
478,22226266149,Best Seller 2 In 1 Berisi Jas dan Celana Bahan Tuxedo Style Korea Pakaian Nikah Pria Jas Wisuda Laki Laki Pakaian Sidang Skripsi Pakaian Meeting,"Biru Langit,M",Biru Langit,M,JC-P-BLG-M
479,22226266149,Best Seller 2 In 1 Berisi Jas dan Celana Bahan Tuxedo Style Korea Pakaian Nikah Pria Jas Wisuda Laki Laki Pakaian Sidang Skripsi Pakaian Meeting,"Marun,XXXL",Marun Muda,XXXL,JC-P-MMD-XXXL
480,22226266149,Best Seller 2 In 1 Berisi Jas dan Celana Bahan Tuxedo Style Korea Pakaian Nikah Pria Jas Wisuda Laki Laki Pakaian Sidang Skripsi Pakaian Meeting,"Marun Tua,S",Marun Tua,S,JC-P-MTA-S
481,22226266149,Best Seller 2 In 1 Berisi Jas dan Celana Bahan Tuxedo Style Korea Pakaian Nikah Pria Jas Wisuda Laki Laki Pakaian Sidang Skripsi Pakaian Meeting,"Merah Cabe,L",Merah Cabe,L,JC-P-MCB-L
482,22226266149,Best Seller 2 In 1 Berisi Jas dan Celana Bahan Tuxedo Style Korea Pakaian Nikah Pria Jas Wisuda Laki Laki Pakaian Sidang Skripsi Pakaian Meeting,"Marun Tua,L",Marun Tua,L,JC-P-MTA-L
483,22226266149,Best Seller 2 In 1 Berisi Jas dan Celana Bahan Tuxedo Style Korea Pakaian Nikah Pria Jas Wisuda Laki Laki Pakaian Sidang Skripsi Pakaian Meeting,"Marun,L",Marun Muda,L,JC-P-MMD-L
484,22226266149,Best Seller 2 In 1 Berisi Jas dan Celana Bahan Tuxedo Style Korea Pakaian Nikah Pria Jas Wisuda Laki Laki Pakaian Sidang Skripsi Pakaian Meeting,"Hitam,XS",Hitam,XS,JC-P-HTM-XS
485,22226266149,Best Seller 2 In 1 Berisi Jas dan Celana Bahan Tuxedo Style Korea Pakaian Nikah Pria Jas Wisuda Laki Laki Pakaian Sidang Skripsi Pakaian Meeting,"Marun Tua,XXL",Marun Tua,XXL,JC-P-MTA-XXL
486,22226266149,Best Seller 2 In 1 Berisi Jas dan Celana Bahan Tuxedo Style Korea Pakaian Nikah Pria Jas Wisuda Laki Laki Pakaian Sidang Skripsi Pakaian Meeting,"Abu,L",Abu,L,JC-P-ABU-L
487,22226266149,Best Seller 2 In 1 Berisi Jas dan Celana Bahan Tuxedo Style Korea Pakaian Nikah Pria Jas Wisuda Laki Laki Pakaian Sidang Skripsi Pakaian Meeting,"Merah Cabe,XXL",Merah Cabe,XXL,JC-P-MCB-XXL
488,22226266149,Best Seller 2 In 1 Berisi Jas dan Celana Bahan Tuxedo Style Korea Pakaian Nikah Pria Jas Wisuda Laki Laki Pakaian Sidang Skripsi Pakaian Meeting,"Abu,M",Abu,M,JC-P-ABU-M
489,22226266149,Best Seller 2 In 1 Berisi Jas dan Celana Bahan Tuxedo Style Korea Pakaian Nikah Pria Jas Wisuda Laki Laki Pakaian Sidang Skripsi Pakaian Meeting,"Biru Langit,XL",Biru Langit,XL,JC-P-BLG-XL
490,22226266149,Best Seller 2 In 1 Berisi Jas dan Celana Bahan Tuxedo Style Korea Pakaian Nikah Pria Jas Wisuda Laki Laki Pakaian Sidang Skripsi Pakaian Meeting,"Merah Cabe,S",Merah Cabe,S,JC-P-MCB-S
491,22226266149,Best Seller 2 In 1 Berisi Jas dan Celana Bahan Tuxedo Style Korea Pakaian Nikah Pria Jas Wisuda Laki Laki Pakaian Sidang Skripsi Pakaian Meeting,"Putih,S",Putih,S,JC-P-PTH-S
492,22226266149,Best Seller 2 In 1 Berisi Jas dan Celana Bahan Tuxedo Style Korea Pakaian Nikah Pria Jas Wisuda Laki Laki Pakaian Sidang Skripsi Pakaian Meeting,"Marun,XL",Marun Muda,XL,JC-P-MMD-XL
493,22226266149,Best Seller 2 In 1 Berisi Jas dan Celana Bahan Tuxedo Style Korea Pakaian Nikah Pria Jas Wisuda Laki Laki Pakaian Sidang Skripsi Pakaian Meeting,"Putih,M",Putih,M,JC-P-PTH-M
494,22226266149,Best Seller 2 In 1 Berisi Jas dan Celana Bahan Tuxedo Style Korea Pakaian Nikah Pria Jas Wisuda Laki Laki Pakaian Sidang Skripsi Pakaian Meeting,"Hitam,XL",Hitam,XL,JC-P-HTM-XL
495,22226266149,Best Seller 2 In 1 Berisi Jas dan Celana Bahan Tuxedo Style Korea Pakaian Nikah Pria Jas Wisuda Laki Laki Pakaian Sidang Skripsi Pakaian Meeting,"Hitam,XXXL",Hitam,XXXL,JC-P-HTM-XXXL
496,22226266149,Best Seller 2 In 1 Berisi Jas dan Celana Bahan Tuxedo Style Korea Pakaian Nikah Pria Jas Wisuda Laki Laki Pakaian Sidang Skripsi Pakaian Meeting,"Abu,S",Abu,S,JC-P-ABU-S
497,22226266149,Best Seller 2 In 1 Berisi Jas dan Celana Bahan Tuxedo Style Korea Pakaian Nikah Pria Jas Wisuda Laki Laki Pakaian Sidang Skripsi Pakaian Meeting,"Marun Tua,XS",Marun Tua,XS,JC-P-MTA-XS
498,22226266149,Best Seller 2 In 1 Berisi Jas dan Celana Bahan Tuxedo Style Korea Pakaian Nikah Pria Jas Wisuda Laki Laki Pakaian Sidang Skripsi Pakaian Meeting,"Navy,L",Navy,L,JC-P-NVY-L
499,22226266149,Best Seller 2 In 1 Berisi Jas dan Celana Bahan Tuxedo Style Korea Pakaian Nikah Pria Jas Wisuda Laki Laki Pakaian Sidang Skripsi Pakaian Meeting,"Putih,XXL",Putih,XXL,JC-P-PTH-XXL
500,22226266149,Best Seller 2 In 1 Berisi Jas dan Celana Bahan Tuxedo Style Korea Pakaian Nikah Pria Jas Wisuda Laki Laki Pakaian Sidang Skripsi Pakaian Meeting,"Merah Cabe,XS",Merah Cabe,XS,JC-P-MCB-XS
501,22226266149,Best Seller 2 In 1 Berisi Jas dan Celana Bahan Tuxedo Style Korea Pakaian Nikah Pria Jas Wisuda Laki Laki Pakaian Sidang Skripsi Pakaian Meeting,"Putih,XS",Putih,XS,JC-P-PTH-XS
502,22226266149,Best Seller 2 In 1 Berisi Jas dan Celana Bahan Tuxedo Style Korea Pakaian Nikah Pria Jas Wisuda Laki Laki Pakaian Sidang Skripsi Pakaian Meeting,"Navy,XS",Navy,XS,JC-P-NVY-XS
504,21876818960,Best Seller One Set Blazer Wanita Korean Style dan Celana Kulot Highwaist Premium Tebal 2 IN 1 Set Pakaian Wanita Mode Tren Blazer dan Kulot Wanita,"Hitam,XL",Hitam,XL,JC-W-HTM-XL
507,21876818960,Best Seller One Set Blazer Wanita Korean Style dan Celana Kulot Highwaist Premium Tebal 2 IN 1 Set Pakaian Wanita Mode Tren Blazer dan Kulot Wanita,"Hitam,M",Hitam,M,JC-W-HTM-M
515,21876818960,Best Seller One Set Blazer Wanita Korean Style dan Celana Kulot Highwaist Premium Tebal 2 IN 1 Set Pakaian Wanita Mode Tren Blazer dan Kulot Wanita,"Hitam,L",Hitam,L,JC-W-HTM-L
580,18735176975,Rompi Jas Pria Vest Blazer Jaket Rompi Pria Rompi Vest Blazer Jas Blazer Formal Pria Vest Formal Slim Fit,"Maroon,XXXL",Marun Muda,XXXL,RMP-P-MMD-XXXL
581,18735176975,Rompi Jas Pria Vest Blazer Jaket Rompi Pria Rompi Vest Blazer Jas Blazer Formal Pria Vest Formal Slim Fit,"Abu,XXXL",Abu,XXXL,RMP-P-ABU-XXXL
582,18735176975,Rompi Jas Pria Vest Blazer Jaket Rompi Pria Rompi Vest Blazer Jas Blazer Formal Pria Vest Formal Slim Fit,"Maroon,M",Marun Muda,M,RMP-P-MMD-M
583,18735176975,Rompi Jas Pria Vest Blazer Jaket Rompi Pria Rompi Vest Blazer Jas Blazer Formal Pria Vest Formal Slim Fit,"Hitam,L",Hitam,L,RMP-P-HTM-L
584,18735176975,Rompi Jas Pria Vest Blazer Jaket Rompi Pria Rompi Vest Blazer Jas Blazer Formal Pria Vest Formal Slim Fit,"Maroon,XXL",Marun Muda,XXL,RMP-P-MMD-XXL
585,18735176975,Rompi Jas Pria Vest Blazer Jaket Rompi Pria Rompi Vest Blazer Jas Blazer Formal Pria Vest Formal Slim Fit,"Abu,S",Abu,S,RMP-P-ABU-S
586,18735176975,Rompi Jas Pria Vest Blazer Jaket Rompi Pria Rompi Vest Blazer Jas Blazer Formal Pria Vest Formal Slim Fit,"Hitam,XXL",Hitam,XXL,RMP-P-HTM-XXL
587,18735176975,Rompi Jas Pria Vest Blazer Jaket Rompi Pria Rompi Vest Blazer Jas Blazer Formal Pria Vest Formal Slim Fit,"Maroon,L",Marun Muda,L,RMP-P-MMD-L
588,18735176975,Rompi Jas Pria Vest Blazer Jaket Rompi Pria Rompi Vest Blazer Jas Blazer Formal Pria Vest Formal Slim Fit,"Abu,XL",Abu,XL,RMP-P-ABU-XL
589,18735176975,Rompi Jas Pria Vest Blazer Jaket Rompi Pria Rompi Vest Blazer Jas Blazer Formal Pria Vest Formal Slim Fit,"Navy,XL",Navy,XL,RMP-P-NVY-XL
590,18735176975,Rompi Jas Pria Vest Blazer Jaket Rompi Pria Rompi Vest Blazer Jas Blazer Formal Pria Vest Formal Slim Fit,"Hitam,S",Hitam,S,RMP-P-HTM-S
591,18735176975,Rompi Jas Pria Vest Blazer Jaket Rompi Pria Rompi Vest Blazer Jas Blazer Formal Pria Vest Formal Slim Fit,"Abu,M",Abu,M,RMP-P-ABU-M
592,18735176975,Rompi Jas Pria Vest Blazer Jaket Rompi Pria Rompi Vest Blazer Jas Blazer Formal Pria Vest Formal Slim Fit,"Navy,XXL",Navy,XXL,RMP-P-NVY-XXL
593,18735176975,Rompi Jas Pria Vest Blazer Jaket Rompi Pria Rompi Vest Blazer Jas Blazer Formal Pria Vest Formal Slim Fit,"Maroon,S",Marun Muda,S,RMP-P-MMD-S
594,18735176975,Rompi Jas Pria Vest Blazer Jaket Rompi Pria Rompi Vest Blazer Jas Blazer Formal Pria Vest Formal Slim Fit,"Hitam,M",Hitam,M,RMP-P-HTM-M
595,18735176975,Rompi Jas Pria Vest Blazer Jaket Rompi Pria Rompi Vest Blazer Jas Blazer Formal Pria Vest Formal Slim Fit,"Navy,XXXL",Navy,XXXL,RMP-P-NVY-XXXL
596,18735176975,Rompi Jas Pria Vest Blazer Jaket Rompi Pria Rompi Vest Blazer Jas Blazer Formal Pria Vest Formal Slim Fit,"Abu,L",Abu,L,RMP-P-ABU-L
597,18735176975,Rompi Jas Pria Vest Blazer Jaket Rompi Pria Rompi Vest Blazer Jas Blazer Formal Pria Vest Formal Slim Fit,"Navy,S",Navy,S,RMP-P-NVY-S
598,18735176975,Rompi Jas Pria Vest Blazer Jaket Rompi Pria Rompi Vest Blazer Jas Blazer Formal Pria Vest Formal Slim Fit,"Maroon,XL",Marun Muda,XL,RMP-P-MMD-XL
599,18735176975,Rompi Jas Pria Vest Blazer Jaket Rompi Pria Rompi Vest Blazer Jas Blazer Formal Pria Vest Formal Slim Fit,"Abu,XXL",Abu,XXL,RMP-P-ABU-XXL
600,18735176975,Rompi Jas Pria Vest Blazer Jaket Rompi Pria Rompi Vest Blazer Jas Blazer Formal Pria Vest Formal Slim Fit,"Hitam,XXXL",Hitam,XXXL,RMP-P-HTM-XXXL
601,18735176975,Rompi Jas Pria Vest Blazer Jaket Rompi Pria Rompi Vest Blazer Jas Blazer Formal Pria Vest Formal Slim Fit,"Navy,L",Navy,L,RMP-P-NVY-L
602,18735176975,Rompi Jas Pria Vest Blazer Jaket Rompi Pria Rompi Vest Blazer Jas Blazer Formal Pria Vest Formal Slim Fit,"Hitam,XL",Hitam,XL,RMP-P-HTM-XL
603,18735176975,Rompi Jas Pria Vest Blazer Jaket Rompi Pria Rompi Vest Blazer Jas Blazer Formal Pria Vest Formal Slim Fit,"Navy,M",Navy,M,RMP-P-NVY-M
604,18653316238,Blazer Wanita Korean Style Slimfit Pakaian Meeting Jas Kantor Pakaian Sidang Skripsi Pakaian Meeting,"Hitam,L",Hitam,L,JAS-W-HTM-L
605,18653316238,Blazer Wanita Korean Style Slimfit Pakaian Meeting Jas Kantor Pakaian Sidang Skripsi Pakaian Meeting,"Biru Langit,XXL",Biru Langit,XXL,JAS-W-BLG-XXL
606,18653316238,Blazer Wanita Korean Style Slimfit Pakaian Meeting Jas Kantor Pakaian Sidang Skripsi Pakaian Meeting,"Hitam,M",Hitam,M,JAS-W-HTM-M
607,18653316238,Blazer Wanita Korean Style Slimfit Pakaian Meeting Jas Kantor Pakaian Sidang Skripsi Pakaian Meeting,"Abu,XXL",Abu,XXL,JAS-W-ABU-XXL
608,18653316238,Blazer Wanita Korean Style Slimfit Pakaian Meeting Jas Kantor Pakaian Sidang Skripsi Pakaian Meeting,"Baby Pink,XL",Baby Pink,XL,JAS-W-BPK-XL
609,18653316238,Blazer Wanita Korean Style Slimfit Pakaian Meeting Jas Kantor Pakaian Sidang Skripsi Pakaian Meeting,"Hitam,XXL",Hitam,XXL,JAS-W-HTM-XXL
610,18653316238,Blazer Wanita Korean Style Slimfit Pakaian Meeting Jas Kantor Pakaian Sidang Skripsi Pakaian Meeting,"Baby Pink,S",Baby Pink,S,JAS-W-BPK-S
611,18653316238,Blazer Wanita Korean Style Slimfit Pakaian Meeting Jas Kantor Pakaian Sidang Skripsi Pakaian Meeting,"Marun,S",Marun Muda,S,JAS-W-MMD-S
612,18653316238,Blazer Wanita Korean Style Slimfit Pakaian Meeting Jas Kantor Pakaian Sidang Skripsi Pakaian Meeting,"Marun,XL",Marun Muda,XL,JAS-W-MMD-XL
613,18653316238,Blazer Wanita Korean Style Slimfit Pakaian Meeting Jas Kantor Pakaian Sidang Skripsi Pakaian Meeting,"Krem,XL",Krem,XL,JAS-W-KRM-XL
614,18653316238,Blazer Wanita Korean Style Slimfit Pakaian Meeting Jas Kantor Pakaian Sidang Skripsi Pakaian Meeting,"Biru,S",Biru BCA,S,JAS-W-BBC-S
615,18653316238,Blazer Wanita Korean Style Slimfit Pakaian Meeting Jas Kantor Pakaian Sidang Skripsi Pakaian Meeting,"Navy,XL",Navy,XL,JAS-W-NVY-XL
616,18653316238,Blazer Wanita Korean Style Slimfit Pakaian Meeting Jas Kantor Pakaian Sidang Skripsi Pakaian Meeting,"Marun,XXL",Marun Muda,XXL,JAS-W-MMD-XXL
617,18653316238,Blazer Wanita Korean Style Slimfit Pakaian Meeting Jas Kantor Pakaian Sidang Skripsi Pakaian Meeting,"Abu,L",Abu,L,JAS-W-ABU-L
618,18653316238,Blazer Wanita Korean Style Slimfit Pakaian Meeting Jas Kantor Pakaian Sidang Skripsi Pakaian Meeting,"Marun,M",Marun Muda,M,JAS-W-MMD-M
619,18653316238,Blazer Wanita Korean Style Slimfit Pakaian Meeting Jas Kantor Pakaian Sidang Skripsi Pakaian Meeting,"Biru Langit,XL",Biru Langit,XL,JAS-W-BLG-XL
620,18653316238,Blazer Wanita Korean Style Slimfit Pakaian Meeting Jas Kantor Pakaian Sidang Skripsi Pakaian Meeting,"Biru,XXL",Biru BCA,XXL,JAS-W-BBC-XXL
621,18653316238,Blazer Wanita Korean Style Slimfit Pakaian Meeting Jas Kantor Pakaian Sidang Skripsi Pakaian Meeting,"Merah Cabe,L",Merah Cabe,L,JAS-W-MCB-L
622,18653316238,Blazer Wanita Korean Style Slimfit Pakaian Meeting Jas Kantor Pakaian Sidang Skripsi Pakaian Meeting,"Merah Cabe,XL",Merah Cabe,XL,JAS-W-MCB-XL
623,18653316238,Blazer Wanita Korean Style Slimfit Pakaian Meeting Jas Kantor Pakaian Sidang Skripsi Pakaian Meeting,"Putih,M",Putih,M,JAS-W-PTH-M
624,18653316238,Blazer Wanita Korean Style Slimfit Pakaian Meeting Jas Kantor Pakaian Sidang Skripsi Pakaian Meeting,"Burgundy,S",Marun Tua,S,JAS-W-MTA-S
625,18653316238,Blazer Wanita Korean Style Slimfit Pakaian Meeting Jas Kantor Pakaian Sidang Skripsi Pakaian Meeting,"Krem,M",Krem,M,JAS-W-KRM-M
626,18653316238,Blazer Wanita Korean Style Slimfit Pakaian Meeting Jas Kantor Pakaian Sidang Skripsi Pakaian Meeting,"Abu,S",Abu,S,JAS-W-ABU-S
627,18653316238,Blazer Wanita Korean Style Slimfit Pakaian Meeting Jas Kantor Pakaian Sidang Skripsi Pakaian Meeting,"Krem,S",Krem,S,JAS-W-KRM-S
628,18653316238,Blazer Wanita Korean Style Slimfit Pakaian Meeting Jas Kantor Pakaian Sidang Skripsi Pakaian Meeting,"Marun,L",Marun Muda,L,JAS-W-MMD-L
629,18653316238,Blazer Wanita Korean Style Slimfit Pakaian Meeting Jas Kantor Pakaian Sidang Skripsi Pakaian Meeting,"Putih,XXL",Putih,XXL,JAS-W-PTH-XXL
630,18653316238,Blazer Wanita Korean Style Slimfit Pakaian Meeting Jas Kantor Pakaian Sidang Skripsi Pakaian Meeting,"Burgundy,XXL",Marun Tua,XXL,JAS-W-MTA-XXL
631,18653316238,Blazer Wanita Korean Style Slimfit Pakaian Meeting Jas Kantor Pakaian Sidang Skripsi Pakaian Meeting,"Merah Cabe,S",Merah Cabe,S,JAS-W-MCB-S
632,18653316238,Blazer Wanita Korean Style Slimfit Pakaian Meeting Jas Kantor Pakaian Sidang Skripsi Pakaian Meeting,"Biru,M",Biru BCA,M,JAS-W-BBC-M
633,18653316238,Blazer Wanita Korean Style Slimfit Pakaian Meeting Jas Kantor Pakaian Sidang Skripsi Pakaian Meeting,"Putih,L",Putih,L,JAS-W-PTH-L
634,18653316238,Blazer Wanita Korean Style Slimfit Pakaian Meeting Jas Kantor Pakaian Sidang Skripsi Pakaian Meeting,"Baby Pink,M",Baby Pink,M,JAS-W-BPK-M
635,18653316238,Blazer Wanita Korean Style Slimfit Pakaian Meeting Jas Kantor Pakaian Sidang Skripsi Pakaian Meeting,"Abu,XL",Abu,XL,JAS-W-ABU-XL
636,18653316238,Blazer Wanita Korean Style Slimfit Pakaian Meeting Jas Kantor Pakaian Sidang Skripsi Pakaian Meeting,"Navy,S",Navy,S,JAS-W-NVY-S
637,18653316238,Blazer Wanita Korean Style Slimfit Pakaian Meeting Jas Kantor Pakaian Sidang Skripsi Pakaian Meeting,"Putih,XL",Putih,XL,JAS-W-PTH-XL
638,18653316238,Blazer Wanita Korean Style Slimfit Pakaian Meeting Jas Kantor Pakaian Sidang Skripsi Pakaian Meeting,"Merah Cabe,XXL",Merah Cabe,XXL,JAS-W-MCB-XXL
639,18653316238,Blazer Wanita Korean Style Slimfit Pakaian Meeting Jas Kantor Pakaian Sidang Skripsi Pakaian Meeting,"Biru,L",Biru BCA,L,JAS-W-BBC-L
640,18653316238,Blazer Wanita Korean Style Slimfit Pakaian Meeting Jas Kantor Pakaian Sidang Skripsi Pakaian Meeting,"Burgundy,XL",Marun Tua,XL,JAS-W-MTA-XL
641,18653316238,Blazer Wanita Korean Style Slimfit Pakaian Meeting Jas Kantor Pakaian Sidang Skripsi Pakaian Meeting,"Biru Langit,L",Biru Langit,L,JAS-W-BLG-L
642,18653316238,Blazer Wanita Korean Style Slimfit Pakaian Meeting Jas Kantor Pakaian Sidang Skripsi Pakaian Meeting,"Biru Langit,M",Biru Langit,M,JAS-W-BLG-M
643,18653316238,Blazer Wanita Korean Style Slimfit Pakaian Meeting Jas Kantor Pakaian Sidang Skripsi Pakaian Meeting,"Hitam,S",Hitam,S,JAS-W-HTM-S
644,18653316238,Blazer Wanita Korean Style Slimfit Pakaian Meeting Jas Kantor Pakaian Sidang Skripsi Pakaian Meeting,"Burgundy,M",Marun Tua,M,JAS-W-MTA-M
645,18653316238,Blazer Wanita Korean Style Slimfit Pakaian Meeting Jas Kantor Pakaian Sidang Skripsi Pakaian Meeting,"Baby Pink,L",Baby Pink,L,JAS-W-BPK-L
646,18653316238,Blazer Wanita Korean Style Slimfit Pakaian Meeting Jas Kantor Pakaian Sidang Skripsi Pakaian Meeting,"Abu,M",Abu,M,JAS-W-ABU-M
647,18653316238,Blazer Wanita Korean Style Slimfit Pakaian Meeting Jas Kantor Pakaian Sidang Skripsi Pakaian Meeting,"Navy,L",Navy,L,JAS-W-NVY-L
648,18653316238,Blazer Wanita Korean Style Slimfit Pakaian Meeting Jas Kantor Pakaian Sidang Skripsi Pakaian Meeting,"Biru,XL",Biru BCA,XL,JAS-W-BBC-XL
649,18653316238,Blazer Wanita Korean Style Slimfit Pakaian Meeting Jas Kantor Pakaian Sidang Skripsi Pakaian Meeting,"Burgundy,L",Marun Tua,L,JAS-W-MTA-L
650,18653316238,Blazer Wanita Korean Style Slimfit Pakaian Meeting Jas Kantor Pakaian Sidang Skripsi Pakaian Meeting,"Hitam,XL",Hitam,XL,JAS-W-HTM-XL
651,18653316238,Blazer Wanita Korean Style Slimfit Pakaian Meeting Jas Kantor Pakaian Sidang Skripsi Pakaian Meeting,"Biru Langit,S",Biru Langit,S,JAS-W-BLG-S
652,18653316238,Blazer Wanita Korean Style Slimfit Pakaian Meeting Jas Kantor Pakaian Sidang Skripsi Pakaian Meeting,"Navy,XXL",Navy,XXL,JAS-W-NVY-XXL
653,18653316238,Blazer Wanita Korean Style Slimfit Pakaian Meeting Jas Kantor Pakaian Sidang Skripsi Pakaian Meeting,"Baby Pink,XXL",Baby Pink,XXL,JAS-W-BPK-XXL
654,18653316238,Blazer Wanita Korean Style Slimfit Pakaian Meeting Jas Kantor Pakaian Sidang Skripsi Pakaian Meeting,"Putih,S",Putih,S,JAS-W-PTH-S
655,18653316238,Blazer Wanita Korean Style Slimfit Pakaian Meeting Jas Kantor Pakaian Sidang Skripsi Pakaian Meeting,"Krem,XXL",Krem,XXL,JAS-W-KRM-XXL
656,18653316238,Blazer Wanita Korean Style Slimfit Pakaian Meeting Jas Kantor Pakaian Sidang Skripsi Pakaian Meeting,"Krem,L",Krem,L,JAS-W-KRM-L
657,18653316238,Blazer Wanita Korean Style Slimfit Pakaian Meeting Jas Kantor Pakaian Sidang Skripsi Pakaian Meeting,"Merah Cabe,M",Merah Cabe,M,JAS-W-MCB-M
658,18653316238,Blazer Wanita Korean Style Slimfit Pakaian Meeting Jas Kantor Pakaian Sidang Skripsi Pakaian Meeting,"Navy,M",Navy,M,JAS-W-NVY-M
668,18584652576,Setelan Jas Blazer dan Celana Formal Jas Pria Formal Slim Fit,"Navy Blue,XXXL",Navy,XXXL,JC-P-NVY-XXXL
669,18584652576,Setelan Jas Blazer dan Celana Formal Jas Pria Formal Slim Fit,"Abu-abu,XXXL",Abu,XXXL,JC-P-ABU-XXXL
670,18584652576,Setelan Jas Blazer dan Celana Formal Jas Pria Formal Slim Fit,"Hitam,XXXL",Hitam,XXXL,JC-P-HTM-XXXL
996,16092916076,Best Seller 2 In 1 Blazer Pria Dan Rompi Formal Tuxedo Bahan Premium Korean Style Jas Kantoran Outfit Wisuda Pakaian Nikah Laki Laki  Pakaian Sidang Skripsi Pakaian Meeting,"Biru Langit,M",Biru Langit,M,JR-P-BLG-M
998,16092916076,Best Seller 2 In 1 Blazer Pria Dan Rompi Formal Tuxedo Bahan Premium Korean Style Jas Kantoran Outfit Wisuda Pakaian Nikah Laki Laki  Pakaian Sidang Skripsi Pakaian Meeting,"Burgundy,XXL",Marun Tua,XXL,JR-P-MTA-XXL
999,16092916076,Best Seller 2 In 1 Blazer Pria Dan Rompi Formal Tuxedo Bahan Premium Korean Style Jas Kantoran Outfit Wisuda Pakaian Nikah Laki Laki  Pakaian Sidang Skripsi Pakaian Meeting,"Navy,M",Navy,M,JR-P-NVY-M
1000,16092916076,Best Seller 2 In 1 Blazer Pria Dan Rompi Formal Tuxedo Bahan Premium Korean Style Jas Kantoran Outfit Wisuda Pakaian Nikah Laki Laki  Pakaian Sidang Skripsi Pakaian Meeting,"Navy,S",Navy,S,JR-P-NVY-S
1001,16092916076,Best Seller 2 In 1 Blazer Pria Dan Rompi Formal Tuxedo Bahan Premium Korean Style Jas Kantoran Outfit Wisuda Pakaian Nikah Laki Laki  Pakaian Sidang Skripsi Pakaian Meeting,"Biru Langit,XL",Biru Langit,XL,JR-P-BLG-XL
1002,16092916076,Best Seller 2 In 1 Blazer Pria Dan Rompi Formal Tuxedo Bahan Premium Korean Style Jas Kantoran Outfit Wisuda Pakaian Nikah Laki Laki  Pakaian Sidang Skripsi Pakaian Meeting,"Hitam,XL",Hitam,XL,JR-P-HTM-XL
1003,16092916076,Best Seller 2 In 1 Blazer Pria Dan Rompi Formal Tuxedo Bahan Premium Korean Style Jas Kantoran Outfit Wisuda Pakaian Nikah Laki Laki  Pakaian Sidang Skripsi Pakaian Meeting,"Navy,L",Navy,L,JR-P-NVY-L
1004,16092916076,Best Seller 2 In 1 Blazer Pria Dan Rompi Formal Tuxedo Bahan Premium Korean Style Jas Kantoran Outfit Wisuda Pakaian Nikah Laki Laki  Pakaian Sidang Skripsi Pakaian Meeting,"Marun,XL",Marun Muda,XL,JR-P-MMD-XL
1005,16092916076,Best Seller 2 In 1 Blazer Pria Dan Rompi Formal Tuxedo Bahan Premium Korean Style Jas Kantoran Outfit Wisuda Pakaian Nikah Laki Laki  Pakaian Sidang Skripsi Pakaian Meeting,"Marun,L",Marun Muda,L,JR-P-MMD-L
1006,16092916076,Best Seller 2 In 1 Blazer Pria Dan Rompi Formal Tuxedo Bahan Premium Korean Style Jas Kantoran Outfit Wisuda Pakaian Nikah Laki Laki  Pakaian Sidang Skripsi Pakaian Meeting,"Burgundy,L",Marun Tua,L,JR-P-MTA-L
1007,16092916076,Best Seller 2 In 1 Blazer Pria Dan Rompi Formal Tuxedo Bahan Premium Korean Style Jas Kantoran Outfit Wisuda Pakaian Nikah Laki Laki  Pakaian Sidang Skripsi Pakaian Meeting,"Navy,XXL",Navy,XXL,JR-P-NVY-XXL
1008,16092916076,Best Seller 2 In 1 Blazer Pria Dan Rompi Formal Tuxedo Bahan Premium Korean Style Jas Kantoran Outfit Wisuda Pakaian Nikah Laki Laki  Pakaian Sidang Skripsi Pakaian Meeting,"Abu,XL",Abu,XL,JR-P-ABU-XL
1009,16092916076,Best Seller 2 In 1 Blazer Pria Dan Rompi Formal Tuxedo Bahan Premium Korean Style Jas Kantoran Outfit Wisuda Pakaian Nikah Laki Laki  Pakaian Sidang Skripsi Pakaian Meeting,"Burgundy,M",Marun Tua,M,JR-P-MTA-M
1011,16092916076,Best Seller 2 In 1 Blazer Pria Dan Rompi Formal Tuxedo Bahan Premium Korean Style Jas Kantoran Outfit Wisuda Pakaian Nikah Laki Laki  Pakaian Sidang Skripsi Pakaian Meeting,"Hitam,S",Hitam,S,JR-P-HTM-S
1012,16092916076,Best Seller 2 In 1 Blazer Pria Dan Rompi Formal Tuxedo Bahan Premium Korean Style Jas Kantoran Outfit Wisuda Pakaian Nikah Laki Laki  Pakaian Sidang Skripsi Pakaian Meeting,"Putih,XL",Putih,XL,JR-P-PTH-XL
1013,16092916076,Best Seller 2 In 1 Blazer Pria Dan Rompi Formal Tuxedo Bahan Premium Korean Style Jas Kantoran Outfit Wisuda Pakaian Nikah Laki Laki  Pakaian Sidang Skripsi Pakaian Meeting,"Marun,M",Marun Muda,M,JR-P-MMD-M
1014,16092916076,Best Seller 2 In 1 Blazer Pria Dan Rompi Formal Tuxedo Bahan Premium Korean Style Jas Kantoran Outfit Wisuda Pakaian Nikah Laki Laki  Pakaian Sidang Skripsi Pakaian Meeting,"Biru Langit,XXL",Biru Langit,XXL,JR-P-BLG-XXL
1016,16092916076,Best Seller 2 In 1 Blazer Pria Dan Rompi Formal Tuxedo Bahan Premium Korean Style Jas Kantoran Outfit Wisuda Pakaian Nikah Laki Laki  Pakaian Sidang Skripsi Pakaian Meeting,"Burgundy,S",Marun Tua,S,JR-P-MTA-S
1017,16092916076,Best Seller 2 In 1 Blazer Pria Dan Rompi Formal Tuxedo Bahan Premium Korean Style Jas Kantoran Outfit Wisuda Pakaian Nikah Laki Laki  Pakaian Sidang Skripsi Pakaian Meeting,"Putih,S",Putih,S,JR-P-PTH-S
1018,16092916076,Best Seller 2 In 1 Blazer Pria Dan Rompi Formal Tuxedo Bahan Premium Korean Style Jas Kantoran Outfit Wisuda Pakaian Nikah Laki Laki  Pakaian Sidang Skripsi Pakaian Meeting,"Biru Langit,S",Biru Langit,S,JR-P-BLG-S
1019,16092916076,Best Seller 2 In 1 Blazer Pria Dan Rompi Formal Tuxedo Bahan Premium Korean Style Jas Kantoran Outfit Wisuda Pakaian Nikah Laki Laki  Pakaian Sidang Skripsi Pakaian Meeting,"Hitam,XXL",Hitam,XXL,JR-P-HTM-XXL
1020,16092916076,Best Seller 2 In 1 Blazer Pria Dan Rompi Formal Tuxedo Bahan Premium Korean Style Jas Kantoran Outfit Wisuda Pakaian Nikah Laki Laki  Pakaian Sidang Skripsi Pakaian Meeting,"Merah cabe,M",Merah Cabe,M,JR-P-MCB-M
1021,16092916076,Best Seller 2 In 1 Blazer Pria Dan Rompi Formal Tuxedo Bahan Premium Korean Style Jas Kantoran Outfit Wisuda Pakaian Nikah Laki Laki  Pakaian Sidang Skripsi Pakaian Meeting,"Burgundy,XXXL",Marun Tua,XXXL,JR-P-MTA-XXXL
1022,16092916076,Best Seller 2 In 1 Blazer Pria Dan Rompi Formal Tuxedo Bahan Premium Korean Style Jas Kantoran Outfit Wisuda Pakaian Nikah Laki Laki  Pakaian Sidang Skripsi Pakaian Meeting,"Putih,XXL",Putih,XXL,JR-P-PTH-XXL
1023,16092916076,Best Seller 2 In 1 Blazer Pria Dan Rompi Formal Tuxedo Bahan Premium Korean Style Jas Kantoran Outfit Wisuda Pakaian Nikah Laki Laki  Pakaian Sidang Skripsi Pakaian Meeting,"Marun,S",Marun Muda,S,JR-P-MMD-S
1024,16092916076,Best Seller 2 In 1 Blazer Pria Dan Rompi Formal Tuxedo Bahan Premium Korean Style Jas Kantoran Outfit Wisuda Pakaian Nikah Laki Laki  Pakaian Sidang Skripsi Pakaian Meeting,"Hitam,M",Hitam,M,JR-P-HTM-M
1025,16092916076,Best Seller 2 In 1 Blazer Pria Dan Rompi Formal Tuxedo Bahan Premium Korean Style Jas Kantoran Outfit Wisuda Pakaian Nikah Laki Laki  Pakaian Sidang Skripsi Pakaian Meeting,"Burgundy,XL",Marun Tua,XL,JR-P-MTA-XL
1026,16092916076,Best Seller 2 In 1 Blazer Pria Dan Rompi Formal Tuxedo Bahan Premium Korean Style Jas Kantoran Outfit Wisuda Pakaian Nikah Laki Laki  Pakaian Sidang Skripsi Pakaian Meeting,"Putih,M",Putih,M,JR-P-PTH-M
1027,16092916076,Best Seller 2 In 1 Blazer Pria Dan Rompi Formal Tuxedo Bahan Premium Korean Style Jas Kantoran Outfit Wisuda Pakaian Nikah Laki Laki  Pakaian Sidang Skripsi Pakaian Meeting,"Abu,XXL",Abu,XXL,JR-P-ABU-XXL
1028,16092916076,Best Seller 2 In 1 Blazer Pria Dan Rompi Formal Tuxedo Bahan Premium Korean Style Jas Kantoran Outfit Wisuda Pakaian Nikah Laki Laki  Pakaian Sidang Skripsi Pakaian Meeting,"Abu,M",Abu,M,JR-P-ABU-M
1029,16092916076,Best Seller 2 In 1 Blazer Pria Dan Rompi Formal Tuxedo Bahan Premium Korean Style Jas Kantoran Outfit Wisuda Pakaian Nikah Laki Laki  Pakaian Sidang Skripsi Pakaian Meeting,"Merah cabe,S",Merah Cabe,S,JR-P-MCB-S
1030,16092916076,Best Seller 2 In 1 Blazer Pria Dan Rompi Formal Tuxedo Bahan Premium Korean Style Jas Kantoran Outfit Wisuda Pakaian Nikah Laki Laki  Pakaian Sidang Skripsi Pakaian Meeting,"Merah cabe,XXL",Merah Cabe,XXL,JR-P-MCB-XXL
1032,16092916076,Best Seller 2 In 1 Blazer Pria Dan Rompi Formal Tuxedo Bahan Premium Korean Style Jas Kantoran Outfit Wisuda Pakaian Nikah Laki Laki  Pakaian Sidang Skripsi Pakaian Meeting,"Putih,XXXL",Putih,XXXL,JR-P-PTH-XXXL
1033,16092916076,Best Seller 2 In 1 Blazer Pria Dan Rompi Formal Tuxedo Bahan Premium Korean Style Jas Kantoran Outfit Wisuda Pakaian Nikah Laki Laki  Pakaian Sidang Skripsi Pakaian Meeting,"Navy,XXXL",Navy,XXXL,JR-P-NVY-XXXL
1034,16092916076,Best Seller 2 In 1 Blazer Pria Dan Rompi Formal Tuxedo Bahan Premium Korean Style Jas Kantoran Outfit Wisuda Pakaian Nikah Laki Laki  Pakaian Sidang Skripsi Pakaian Meeting,"Abu,XXXL",Abu,XXXL,JR-P-ABU-XXXL
1035,16092916076,Best Seller 2 In 1 Blazer Pria Dan Rompi Formal Tuxedo Bahan Premium Korean Style Jas Kantoran Outfit Wisuda Pakaian Nikah Laki Laki  Pakaian Sidang Skripsi Pakaian Meeting,"Hitam,L",Hitam,L,JR-P-HTM-L
1036,16092916076,Best Seller 2 In 1 Blazer Pria Dan Rompi Formal Tuxedo Bahan Premium Korean Style Jas Kantoran Outfit Wisuda Pakaian Nikah Laki Laki  Pakaian Sidang Skripsi Pakaian Meeting,"Hitam,XXXL",Hitam,XXXL,JR-P-HTM-XXXL
1037,16092916076,Best Seller 2 In 1 Blazer Pria Dan Rompi Formal Tuxedo Bahan Premium Korean Style Jas Kantoran Outfit Wisuda Pakaian Nikah Laki Laki  Pakaian Sidang Skripsi Pakaian Meeting,"Merah cabe,L",Merah Cabe,L,JR-P-MCB-L
1038,16092916076,Best Seller 2 In 1 Blazer Pria Dan Rompi Formal Tuxedo Bahan Premium Korean Style Jas Kantoran Outfit Wisuda Pakaian Nikah Laki Laki  Pakaian Sidang Skripsi Pakaian Meeting,"Abu,S",Abu,S,JR-P-ABU-S
1039,16092916076,Best Seller 2 In 1 Blazer Pria Dan Rompi Formal Tuxedo Bahan Premium Korean Style Jas Kantoran Outfit Wisuda Pakaian Nikah Laki Laki  Pakaian Sidang Skripsi Pakaian Meeting,"Biru Langit,XXXL",Biru Langit,XXXL,JR-P-BLG-XXXL
1040,16092916076,Best Seller 2 In 1 Blazer Pria Dan Rompi Formal Tuxedo Bahan Premium Korean Style Jas Kantoran Outfit Wisuda Pakaian Nikah Laki Laki  Pakaian Sidang Skripsi Pakaian Meeting,"Abu,L",Abu,L,JR-P-ABU-L
1041,16092916076,Best Seller 2 In 1 Blazer Pria Dan Rompi Formal Tuxedo Bahan Premium Korean Style Jas Kantoran Outfit Wisuda Pakaian Nikah Laki Laki  Pakaian Sidang Skripsi Pakaian Meeting,"Navy,XL",Navy,XL,JR-P-NVY-XL
1042,16092916076,Best Seller 2 In 1 Blazer Pria Dan Rompi Formal Tuxedo Bahan Premium Korean Style Jas Kantoran Outfit Wisuda Pakaian Nikah Laki Laki  Pakaian Sidang Skripsi Pakaian Meeting,"Merah cabe,XL",Merah Cabe,XL,JR-P-MCB-XL
1043,16092916076,Best Seller 2 In 1 Blazer Pria Dan Rompi Formal Tuxedo Bahan Premium Korean Style Jas Kantoran Outfit Wisuda Pakaian Nikah Laki Laki  Pakaian Sidang Skripsi Pakaian Meeting,"Merah cabe,XXXL",Merah Cabe,XXXL,JR-P-MCB-XXXL
1044,16092916076,Best Seller 2 In 1 Blazer Pria Dan Rompi Formal Tuxedo Bahan Premium Korean Style Jas Kantoran Outfit Wisuda Pakaian Nikah Laki Laki  Pakaian Sidang Skripsi Pakaian Meeting,"Putih,L",Putih,L,JR-P-PTH-L
1046,16092916076,Best Seller 2 In 1 Blazer Pria Dan Rompi Formal Tuxedo Bahan Premium Korean Style Jas Kantoran Outfit Wisuda Pakaian Nikah Laki Laki  Pakaian Sidang Skripsi Pakaian Meeting,"Marun,XXXL",Marun Muda,XXXL,JR-P-MMD-XXXL
1048,16092916076,Best Seller 2 In 1 Blazer Pria Dan Rompi Formal Tuxedo Bahan Premium Korean Style Jas Kantoran Outfit Wisuda Pakaian Nikah Laki Laki  Pakaian Sidang Skripsi Pakaian Meeting,"Biru Langit,L",Biru Langit,L,JR-P-BLG-L
1049,16092916076,Best Seller 2 In 1 Blazer Pria Dan Rompi Formal Tuxedo Bahan Premium Korean Style Jas Kantoran Outfit Wisuda Pakaian Nikah Laki Laki  Pakaian Sidang Skripsi Pakaian Meeting,"Marun,XXL",Marun Muda,XXL,JR-P-MMD-XXL
1050,15991304773,Best Seller Jas Mandarin Pria Cheong Sam Jas Koko Mandarin Jasko Mandarin Fashion Muslim Jas Koko Muslim,"Hitam,S",Hitam,S,JAS-P-HTM-S
1051,15991304773,Best Seller Jas Mandarin Pria Cheong Sam Jas Koko Mandarin Jasko Mandarin Fashion Muslim Jas Koko Muslim,"Hitam,L",Hitam,L,JAS-P-HTM-L
1052,15991304773,Best Seller Jas Mandarin Pria Cheong Sam Jas Koko Mandarin Jasko Mandarin Fashion Muslim Jas Koko Muslim,"Hitam,XL",Hitam,XL,JAS-P-HTM-XL
1053,15991304773,Best Seller Jas Mandarin Pria Cheong Sam Jas Koko Mandarin Jasko Mandarin Fashion Muslim Jas Koko Muslim,"Abu,S",Abu,S,JAS-P-ABU-S
1054,15991304773,Best Seller Jas Mandarin Pria Cheong Sam Jas Koko Mandarin Jasko Mandarin Fashion Muslim Jas Koko Muslim,"Putih,XXL",Putih,XXL,JAS-P-PTH-XXL
1055,15991304773,Best Seller Jas Mandarin Pria Cheong Sam Jas Koko Mandarin Jasko Mandarin Fashion Muslim Jas Koko Muslim,"Putih,M",Putih,M,JAS-P-PTH-M
1056,15991304773,Best Seller Jas Mandarin Pria Cheong Sam Jas Koko Mandarin Jasko Mandarin Fashion Muslim Jas Koko Muslim,"Putih,XS",Putih,XS,JAS-P-PTH-XS
1057,15991304773,Best Seller Jas Mandarin Pria Cheong Sam Jas Koko Mandarin Jasko Mandarin Fashion Muslim Jas Koko Muslim,"Abu,L",Abu,L,JAS-P-ABU-L
1058,15991304773,Best Seller Jas Mandarin Pria Cheong Sam Jas Koko Mandarin Jasko Mandarin Fashion Muslim Jas Koko Muslim,"Abu,XXXL",Abu,XXXL,JAS-P-ABU-XXXL
1059,15991304773,Best Seller Jas Mandarin Pria Cheong Sam Jas Koko Mandarin Jasko Mandarin Fashion Muslim Jas Koko Muslim,"Hitam,XS",Hitam,XS,JAS-P-HTM-XS
1060,15991304773,Best Seller Jas Mandarin Pria Cheong Sam Jas Koko Mandarin Jasko Mandarin Fashion Muslim Jas Koko Muslim,"Putih,S",Putih,S,JAS-P-PTH-S
1061,15991304773,Best Seller Jas Mandarin Pria Cheong Sam Jas Koko Mandarin Jasko Mandarin Fashion Muslim Jas Koko Muslim,"Putih,XXXL",Putih,XXXL,JAS-P-PTH-XXXL
1062,15991304773,Best Seller Jas Mandarin Pria Cheong Sam Jas Koko Mandarin Jasko Mandarin Fashion Muslim Jas Koko Muslim,"Abu,XXL",Abu,XXL,JAS-P-ABU-XXL
1063,15991304773,Best Seller Jas Mandarin Pria Cheong Sam Jas Koko Mandarin Jasko Mandarin Fashion Muslim Jas Koko Muslim,"Hitam,M",Hitam,M,JAS-P-HTM-M
1064,15991304773,Best Seller Jas Mandarin Pria Cheong Sam Jas Koko Mandarin Jasko Mandarin Fashion Muslim Jas Koko Muslim,"Hitam,XXL",Hitam,XXL,JAS-P-HTM-XXL
1065,15991304773,Best Seller Jas Mandarin Pria Cheong Sam Jas Koko Mandarin Jasko Mandarin Fashion Muslim Jas Koko Muslim,"Abu,XS",Abu,XS,JAS-P-ABU-XS
1066,15991304773,Best Seller Jas Mandarin Pria Cheong Sam Jas Koko Mandarin Jasko Mandarin Fashion Muslim Jas Koko Muslim,"Putih,XL",Putih,XL,JAS-P-PTH-XL
1067,15991304773,Best Seller Jas Mandarin Pria Cheong Sam Jas Koko Mandarin Jasko Mandarin Fashion Muslim Jas Koko Muslim,"Putih,L",Putih,L,JAS-P-PTH-L
1068,15991304773,Best Seller Jas Mandarin Pria Cheong Sam Jas Koko Mandarin Jasko Mandarin Fashion Muslim Jas Koko Muslim,"Abu,XL",Abu,XL,JAS-P-ABU-XL
1069,15991304773,Best Seller Jas Mandarin Pria Cheong Sam Jas Koko Mandarin Jasko Mandarin Fashion Muslim Jas Koko Muslim,"Abu,M",Abu,M,JAS-P-ABU-M
1070,15991304773,Best Seller Jas Mandarin Pria Cheong Sam Jas Koko Mandarin Jasko Mandarin Fashion Muslim Jas Koko Muslim,"Hitam,XXXL",Hitam,XXXL,JAS-P-HTM-XXXL
1263,14113818693,Best Seller Celana Bahan Pria Formal Slimfit Style Korea Celana Jas Blazer Celana Formal Laki Laki,"Hitam,29",Hitam,29,CLN-P-HTM-29
1264,14113818693,Best Seller Celana Bahan Pria Formal Slimfit Style Korea Celana Jas Blazer Celana Formal Laki Laki,"Biru Langit,41",Biru Langit,41,CLN-P-BLG-41
1265,14113818693,Best Seller Celana Bahan Pria Formal Slimfit Style Korea Celana Jas Blazer Celana Formal Laki Laki,"Abu,32",Abu,32,CLN-P-ABU-32
1266,14113818693,Best Seller Celana Bahan Pria Formal Slimfit Style Korea Celana Jas Blazer Celana Formal Laki Laki,"Biru Langit,27",Biru Langit,27,CLN-P-BLG-27
1267,14113818693,Best Seller Celana Bahan Pria Formal Slimfit Style Korea Celana Jas Blazer Celana Formal Laki Laki,"Burgundy,35",Marun Tua,35,CLN-P-MTA-35
1268,14113818693,Best Seller Celana Bahan Pria Formal Slimfit Style Korea Celana Jas Blazer Celana Formal Laki Laki,"Burgundy,42",Marun Tua,42,CLN-P-MTA-42
1269,14113818693,Best Seller Celana Bahan Pria Formal Slimfit Style Korea Celana Jas Blazer Celana Formal Laki Laki,"Hitam,30",Hitam,30,CLN-P-HTM-30
1270,14113818693,Best Seller Celana Bahan Pria Formal Slimfit Style Korea Celana Jas Blazer Celana Formal Laki Laki,"Navy,32",Navy,32,CLN-P-NVY-32
1271,14113818693,Best Seller Celana Bahan Pria Formal Slimfit Style Korea Celana Jas Blazer Celana Formal Laki Laki,"Navy,39",Navy,39,CLN-P-NVY-39
1272,14113818693,Best Seller Celana Bahan Pria Formal Slimfit Style Korea Celana Jas Blazer Celana Formal Laki Laki,"Burgundy,30",Marun Tua,30,CLN-P-MTA-30
1273,14113818693,Best Seller Celana Bahan Pria Formal Slimfit Style Korea Celana Jas Blazer Celana Formal Laki Laki,"Marun,42",Marun Muda,42,CLN-P-MMD-42
1274,14113818693,Best Seller Celana Bahan Pria Formal Slimfit Style Korea Celana Jas Blazer Celana Formal Laki Laki,"Navy,36",Navy,36,CLN-P-NVY-36
1275,14113818693,Best Seller Celana Bahan Pria Formal Slimfit Style Korea Celana Jas Blazer Celana Formal Laki Laki,"Biru Langit,36",Biru Langit,36,CLN-P-BLG-36
1276,14113818693,Best Seller Celana Bahan Pria Formal Slimfit Style Korea Celana Jas Blazer Celana Formal Laki Laki,"Marun,33",Marun Muda,33,CLN-P-MMD-33
1277,14113818693,Best Seller Celana Bahan Pria Formal Slimfit Style Korea Celana Jas Blazer Celana Formal Laki Laki,"Burgundy,37",Marun Tua,37,CLN-P-MTA-37
1278,14113818693,Best Seller Celana Bahan Pria Formal Slimfit Style Korea Celana Jas Blazer Celana Formal Laki Laki,"Burgundy,29",Marun Tua,29,CLN-P-MTA-29
1279,14113818693,Best Seller Celana Bahan Pria Formal Slimfit Style Korea Celana Jas Blazer Celana Formal Laki Laki,"Burgundy,31",Marun Tua,31,CLN-P-MTA-31
1280,14113818693,Best Seller Celana Bahan Pria Formal Slimfit Style Korea Celana Jas Blazer Celana Formal Laki Laki,"Biru Langit,42",Biru Langit,42,CLN-P-BLG-42
1281,14113818693,Best Seller Celana Bahan Pria Formal Slimfit Style Korea Celana Jas Blazer Celana Formal Laki Laki,"Abu,37",Abu,37,CLN-P-ABU-37
1282,14113818693,Best Seller Celana Bahan Pria Formal Slimfit Style Korea Celana Jas Blazer Celana Formal Laki Laki,"Hitam,28",Hitam,28,CLN-P-HTM-28
1283,14113818693,Best Seller Celana Bahan Pria Formal Slimfit Style Korea Celana Jas Blazer Celana Formal Laki Laki,"Abu,28",Abu,28,CLN-P-ABU-28
1284,14113818693,Best Seller Celana Bahan Pria Formal Slimfit Style Korea Celana Jas Blazer Celana Formal Laki Laki,"Hitam,36",Hitam,36,CLN-P-HTM-36
1285,14113818693,Best Seller Celana Bahan Pria Formal Slimfit Style Korea Celana Jas Blazer Celana Formal Laki Laki,"Navy,35",Navy,35,CLN-P-NVY-35
1286,14113818693,Best Seller Celana Bahan Pria Formal Slimfit Style Korea Celana Jas Blazer Celana Formal Laki Laki,"Hitam,41",Hitam,41,CLN-P-HTM-41
1287,14113818693,Best Seller Celana Bahan Pria Formal Slimfit Style Korea Celana Jas Blazer Celana Formal Laki Laki,"Biru Langit,39",Biru Langit,39,CLN-P-BLG-39
1288,14113818693,Best Seller Celana Bahan Pria Formal Slimfit Style Korea Celana Jas Blazer Celana Formal Laki Laki,"Marun,31",Marun Muda,31,CLN-P-MMD-31
1289,14113818693,Best Seller Celana Bahan Pria Formal Slimfit Style Korea Celana Jas Blazer Celana Formal Laki Laki,"Abu,31",Abu,31,CLN-P-ABU-31
1290,14113818693,Best Seller Celana Bahan Pria Formal Slimfit Style Korea Celana Jas Blazer Celana Formal Laki Laki,"Hitam,31",Hitam,31,CLN-P-HTM-31
1291,14113818693,Best Seller Celana Bahan Pria Formal Slimfit Style Korea Celana Jas Blazer Celana Formal Laki Laki,"Marun,39",Marun Muda,39,CLN-P-MMD-39
1292,14113818693,Best Seller Celana Bahan Pria Formal Slimfit Style Korea Celana Jas Blazer Celana Formal Laki Laki,"Biru Langit,40",Biru Langit,40,CLN-P-BLG-40
1293,14113818693,Best Seller Celana Bahan Pria Formal Slimfit Style Korea Celana Jas Blazer Celana Formal Laki Laki,"Abu,39",Abu,39,CLN-P-ABU-39
1294,14113818693,Best Seller Celana Bahan Pria Formal Slimfit Style Korea Celana Jas Blazer Celana Formal Laki Laki,"Abu,38",Abu,38,CLN-P-ABU-38
1295,14113818693,Best Seller Celana Bahan Pria Formal Slimfit Style Korea Celana Jas Blazer Celana Formal Laki Laki,"Burgundy,33",Marun Tua,33,CLN-P-MTA-33
1296,14113818693,Best Seller Celana Bahan Pria Formal Slimfit Style Korea Celana Jas Blazer Celana Formal Laki Laki,"Biru Langit,31",Biru Langit,31,CLN-P-BLG-31
1297,14113818693,Best Seller Celana Bahan Pria Formal Slimfit Style Korea Celana Jas Blazer Celana Formal Laki Laki,"Navy,27",Navy,27,CLN-P-NVY-27
1298,14113818693,Best Seller Celana Bahan Pria Formal Slimfit Style Korea Celana Jas Blazer Celana Formal Laki Laki,"Hitam,39",Hitam,39,CLN-P-HTM-39
1299,14113818693,Best Seller Celana Bahan Pria Formal Slimfit Style Korea Celana Jas Blazer Celana Formal Laki Laki,"Marun,35",Marun Muda,35,CLN-P-MMD-35
1300,14113818693,Best Seller Celana Bahan Pria Formal Slimfit Style Korea Celana Jas Blazer Celana Formal Laki Laki,"Biru Langit,28",Biru Langit,28,CLN-P-BLG-28
1301,14113818693,Best Seller Celana Bahan Pria Formal Slimfit Style Korea Celana Jas Blazer Celana Formal Laki Laki,"Navy,42",Navy,42,CLN-P-NVY-42
1302,14113818693,Best Seller Celana Bahan Pria Formal Slimfit Style Korea Celana Jas Blazer Celana Formal Laki Laki,"Abu,36",Abu,36,CLN-P-ABU-36
1303,14113818693,Best Seller Celana Bahan Pria Formal Slimfit Style Korea Celana Jas Blazer Celana Formal Laki Laki,"Abu,41",Abu,41,CLN-P-ABU-41
1304,14113818693,Best Seller Celana Bahan Pria Formal Slimfit Style Korea Celana Jas Blazer Celana Formal Laki Laki,"Burgundy,40",Marun Tua,40,CLN-P-MTA-40
1305,14113818693,Best Seller Celana Bahan Pria Formal Slimfit Style Korea Celana Jas Blazer Celana Formal Laki Laki,"Navy,37",Navy,37,CLN-P-NVY-37
1306,14113818693,Best Seller Celana Bahan Pria Formal Slimfit Style Korea Celana Jas Blazer Celana Formal Laki Laki,"Burgundy,27",Marun Tua,27,CLN-P-MTA-27
1307,14113818693,Best Seller Celana Bahan Pria Formal Slimfit Style Korea Celana Jas Blazer Celana Formal Laki Laki,"Hitam,34",Hitam,34,CLN-P-HTM-34
1308,14113818693,Best Seller Celana Bahan Pria Formal Slimfit Style Korea Celana Jas Blazer Celana Formal Laki Laki,"Abu,35",Abu,35,CLN-P-ABU-35
1309,14113818693,Best Seller Celana Bahan Pria Formal Slimfit Style Korea Celana Jas Blazer Celana Formal Laki Laki,"Biru Langit,32",Biru Langit,32,CLN-P-BLG-32
1310,14113818693,Best Seller Celana Bahan Pria Formal Slimfit Style Korea Celana Jas Blazer Celana Formal Laki Laki,"Hitam,32",Hitam,32,CLN-P-HTM-32
1311,14113818693,Best Seller Celana Bahan Pria Formal Slimfit Style Korea Celana Jas Blazer Celana Formal Laki Laki,"Marun,40",Marun Muda,40,CLN-P-MMD-40
1312,14113818693,Best Seller Celana Bahan Pria Formal Slimfit Style Korea Celana Jas Blazer Celana Formal Laki Laki,"Biru Langit,35",Biru Langit,35,CLN-P-BLG-35
1313,14113818693,Best Seller Celana Bahan Pria Formal Slimfit Style Korea Celana Jas Blazer Celana Formal Laki Laki,"Marun,34",Marun Muda,34,CLN-P-MMD-34
1314,14113818693,Best Seller Celana Bahan Pria Formal Slimfit Style Korea Celana Jas Blazer Celana Formal Laki Laki,"Marun,41",Marun Muda,41,CLN-P-MMD-41
1315,14113818693,Best Seller Celana Bahan Pria Formal Slimfit Style Korea Celana Jas Blazer Celana Formal Laki Laki,"Marun,29",Marun Muda,29,CLN-P-MMD-29
1316,14113818693,Best Seller Celana Bahan Pria Formal Slimfit Style Korea Celana Jas Blazer Celana Formal Laki Laki,"Burgundy,41",Marun Tua,41,CLN-P-MTA-41
1317,14113818693,Best Seller Celana Bahan Pria Formal Slimfit Style Korea Celana Jas Blazer Celana Formal Laki Laki,"Navy,38",Navy,38,CLN-P-NVY-38
1318,14113818693,Best Seller Celana Bahan Pria Formal Slimfit Style Korea Celana Jas Blazer Celana Formal Laki Laki,"Marun,32",Marun Muda,32,CLN-P-MMD-32
1319,14113818693,Best Seller Celana Bahan Pria Formal Slimfit Style Korea Celana Jas Blazer Celana Formal Laki Laki,"Marun,37",Marun Muda,37,CLN-P-MMD-37
1320,14113818693,Best Seller Celana Bahan Pria Formal Slimfit Style Korea Celana Jas Blazer Celana Formal Laki Laki,"Abu,33",Abu,33,CLN-P-ABU-33
1321,14113818693,Best Seller Celana Bahan Pria Formal Slimfit Style Korea Celana Jas Blazer Celana Formal Laki Laki,"Marun,27",Marun Muda,27,CLN-P-MMD-27
1322,14113818693,Best Seller Celana Bahan Pria Formal Slimfit Style Korea Celana Jas Blazer Celana Formal Laki Laki,"Marun,36",Marun Muda,36,CLN-P-MMD-36
1323,14113818693,Best Seller Celana Bahan Pria Formal Slimfit Style Korea Celana Jas Blazer Celana Formal Laki Laki,"Marun,38",Marun Muda,38,CLN-P-MMD-38
1324,14113818693,Best Seller Celana Bahan Pria Formal Slimfit Style Korea Celana Jas Blazer Celana Formal Laki Laki,"Abu,27",Abu,27,CLN-P-ABU-27
1325,14113818693,Best Seller Celana Bahan Pria Formal Slimfit Style Korea Celana Jas Blazer Celana Formal Laki Laki,"Abu,30",Abu,30,CLN-P-ABU-30
1326,14113818693,Best Seller Celana Bahan Pria Formal Slimfit Style Korea Celana Jas Blazer Celana Formal Laki Laki,"Hitam,37",Hitam,37,CLN-P-HTM-37
1327,14113818693,Best Seller Celana Bahan Pria Formal Slimfit Style Korea Celana Jas Blazer Celana Formal Laki Laki,"Abu,34",Abu,34,CLN-P-ABU-34
1328,14113818693,Best Seller Celana Bahan Pria Formal Slimfit Style Korea Celana Jas Blazer Celana Formal Laki Laki,"Hitam,33",Hitam,33,CLN-P-HTM-33
1329,14113818693,Best Seller Celana Bahan Pria Formal Slimfit Style Korea Celana Jas Blazer Celana Formal Laki Laki,"Burgundy,36",Marun Tua,36,CLN-P-MTA-36
1330,14113818693,Best Seller Celana Bahan Pria Formal Slimfit Style Korea Celana Jas Blazer Celana Formal Laki Laki,"Biru Langit,34",Biru Langit,34,CLN-P-BLG-34
1331,14113818693,Best Seller Celana Bahan Pria Formal Slimfit Style Korea Celana Jas Blazer Celana Formal Laki Laki,"Navy,30",Navy,30,CLN-P-NVY-30
1332,14113818693,Best Seller Celana Bahan Pria Formal Slimfit Style Korea Celana Jas Blazer Celana Formal Laki Laki,"Burgundy,39",Marun Tua,39,CLN-P-MTA-39
1333,14113818693,Best Seller Celana Bahan Pria Formal Slimfit Style Korea Celana Jas Blazer Celana Formal Laki Laki,"Marun,28",Marun Muda,28,CLN-P-MMD-28
1334,14113818693,Best Seller Celana Bahan Pria Formal Slimfit Style Korea Celana Jas Blazer Celana Formal Laki Laki,"Burgundy,32",Marun Tua,32,CLN-P-MTA-32
1335,14113818693,Best Seller Celana Bahan Pria Formal Slimfit Style Korea Celana Jas Blazer Celana Formal Laki Laki,"Biru Langit,37",Biru Langit,37,CLN-P-BLG-37
1336,14113818693,Best Seller Celana Bahan Pria Formal Slimfit Style Korea Celana Jas Blazer Celana Formal Laki Laki,"Hitam,42",Hitam,42,CLN-P-HTM-42
1337,14113818693,Best Seller Celana Bahan Pria Formal Slimfit Style Korea Celana Jas Blazer Celana Formal Laki Laki,"Navy,41",Navy,41,CLN-P-NVY-41
1338,14113818693,Best Seller Celana Bahan Pria Formal Slimfit Style Korea Celana Jas Blazer Celana Formal Laki Laki,"Navy,31",Navy,31,CLN-P-NVY-31
1339,14113818693,Best Seller Celana Bahan Pria Formal Slimfit Style Korea Celana Jas Blazer Celana Formal Laki Laki,"Burgundy,38",Marun Tua,38,CLN-P-MTA-38
1340,14113818693,Best Seller Celana Bahan Pria Formal Slimfit Style Korea Celana Jas Blazer Celana Formal Laki Laki,"Biru Langit,38",Biru Langit,38,CLN-P-BLG-38
1341,14113818693,Best Seller Celana Bahan Pria Formal Slimfit Style Korea Celana Jas Blazer Celana Formal Laki Laki,"Hitam,35",Hitam,35,CLN-P-HTM-35
1342,14113818693,Best Seller Celana Bahan Pria Formal Slimfit Style Korea Celana Jas Blazer Celana Formal Laki Laki,"Burgundy,28",Marun Tua,28,CLN-P-MTA-28
1343,14113818693,Best Seller Celana Bahan Pria Formal Slimfit Style Korea Celana Jas Blazer Celana Formal Laki Laki,"Biru Langit,30",Biru Langit,30,CLN-P-BLG-30
1344,14113818693,Best Seller Celana Bahan Pria Formal Slimfit Style Korea Celana Jas Blazer Celana Formal Laki Laki,"Abu,29",Abu,29,CLN-P-ABU-29
1345,14113818693,Best Seller Celana Bahan Pria Formal Slimfit Style Korea Celana Jas Blazer Celana Formal Laki Laki,"Navy,29",Navy,29,CLN-P-NVY-29
1346,14113818693,Best Seller Celana Bahan Pria Formal Slimfit Style Korea Celana Jas Blazer Celana Formal Laki Laki,"Hitam,40",Hitam,40,CLN-P-HTM-40
1347,14113818693,Best Seller Celana Bahan Pria Formal Slimfit Style Korea Celana Jas Blazer Celana Formal Laki Laki,"Navy,34",Navy,34,CLN-P-NVY-34
1348,14113818693,Best Seller Celana Bahan Pria Formal Slimfit Style Korea Celana Jas Blazer Celana Formal Laki Laki,"Navy,40",Navy,40,CLN-P-NVY-40
1349,14113818693,Best Seller Celana Bahan Pria Formal Slimfit Style Korea Celana Jas Blazer Celana Formal Laki Laki,"Navy,33",Navy,33,CLN-P-NVY-33
1350,14113818693,Best Seller Celana Bahan Pria Formal Slimfit Style Korea Celana Jas Blazer Celana Formal Laki Laki,"Marun,30",Marun Muda,30,CLN-P-MMD-30
1351,14113818693,Best Seller Celana Bahan Pria Formal Slimfit Style Korea Celana Jas Blazer Celana Formal Laki Laki,"Burgundy,34",Marun Tua,34,CLN-P-MTA-34
1352,14113818693,Best Seller Celana Bahan Pria Formal Slimfit Style Korea Celana Jas Blazer Celana Formal Laki Laki,"Navy,28",Navy,28,CLN-P-NVY-28
1353,14113818693,Best Seller Celana Bahan Pria Formal Slimfit Style Korea Celana Jas Blazer Celana Formal Laki Laki,"Hitam,27",Hitam,27,CLN-P-HTM-27
1354,14113818693,Best Seller Celana Bahan Pria Formal Slimfit Style Korea Celana Jas Blazer Celana Formal Laki Laki,"Abu,40",Abu,40,CLN-P-ABU-40
1355,14113818693,Best Seller Celana Bahan Pria Formal Slimfit Style Korea Celana Jas Blazer Celana Formal Laki Laki,"Abu,42",Abu,42,CLN-P-ABU-42
1356,14113818693,Best Seller Celana Bahan Pria Formal Slimfit Style Korea Celana Jas Blazer Celana Formal Laki Laki,"Hitam,38",Hitam,38,CLN-P-HTM-38
1357,14113818693,Best Seller Celana Bahan Pria Formal Slimfit Style Korea Celana Jas Blazer Celana Formal Laki Laki,"Biru Langit,33",Biru Langit,33,CLN-P-BLG-33
1358,14113818693,Best Seller Celana Bahan Pria Formal Slimfit Style Korea Celana Jas Blazer Celana Formal Laki Laki,"Biru Langit,29",Biru Langit,29,CLN-P-BLG-29
1513,11397737616,Best Seller Tuxedo Pria 3 In 1 Paket Berisi Blazer Rompi Dan Celana Pakaian Kantor Jas Nikah Pakaian Sidang Skripsi Outfit Meeting Tuskedo Pria,"Merah Cabe,L",Merah Cabe,L,3IN1-P-MCB-L
1515,11397737616,Best Seller Tuxedo Pria 3 In 1 Paket Berisi Blazer Rompi Dan Celana Pakaian Kantor Jas Nikah Pakaian Sidang Skripsi Outfit Meeting Tuskedo Pria,"Putih,XL",Putih,XL,3IN1-P-PTH-XL
1516,11397737616,Best Seller Tuxedo Pria 3 In 1 Paket Berisi Blazer Rompi Dan Celana Pakaian Kantor Jas Nikah Pakaian Sidang Skripsi Outfit Meeting Tuskedo Pria,"Putih,XXL",Putih,XXL,3IN1-P-PTH-XXL
1528,11397737616,Best Seller Tuxedo Pria 3 In 1 Paket Berisi Blazer Rompi Dan Celana Pakaian Kantor Jas Nikah Pakaian Sidang Skripsi Outfit Meeting Tuskedo Pria,"Putih,L",Putih,L,3IN1-P-PTH-L
1530,11397737616,Best Seller Tuxedo Pria 3 In 1 Paket Berisi Blazer Rompi Dan Celana Pakaian Kantor Jas Nikah Pakaian Sidang Skripsi Outfit Meeting Tuskedo Pria,"Merah Cabe,XXL",Merah Cabe,XXL,3IN1-P-MCB-XXL
1531,11397737616,Best Seller Tuxedo Pria 3 In 1 Paket Berisi Blazer Rompi Dan Celana Pakaian Kantor Jas Nikah Pakaian Sidang Skripsi Outfit Meeting Tuskedo Pria,"Putih,M",Putih,M,3IN1-P-PTH-M
1534,11397737616,Best Seller Tuxedo Pria 3 In 1 Paket Berisi Blazer Rompi Dan Celana Pakaian Kantor Jas Nikah Pakaian Sidang Skripsi Outfit Meeting Tuskedo Pria,"Merah Cabe,XL",Merah Cabe,XL,3IN1-P-MCB-XL
1537,11397737616,Best Seller Tuxedo Pria 3 In 1 Paket Berisi Blazer Rompi Dan Celana Pakaian Kantor Jas Nikah Pakaian Sidang Skripsi Outfit Meeting Tuskedo Pria,"Putih,S",Putih,S,3IN1-P-PTH-S
1539,11397737616,Best Seller Tuxedo Pria 3 In 1 Paket Berisi Blazer Rompi Dan Celana Pakaian Kantor Jas Nikah Pakaian Sidang Skripsi Outfit Meeting Tuskedo Pria,"Merah Cabe,S",Merah Cabe,S,3IN1-P-MCB-S
1547,11397737616,Best Seller Tuxedo Pria 3 In 1 Paket Berisi Blazer Rompi Dan Celana Pakaian Kantor Jas Nikah Pakaian Sidang Skripsi Outfit Meeting Tuskedo Pria,"Merah Cabe,XXXL",Merah Cabe,XXXL,3IN1-P-MCB-XXXL
1550,11397737616,Best Seller Tuxedo Pria 3 In 1 Paket Berisi Blazer Rompi Dan Celana Pakaian Kantor Jas Nikah Pakaian Sidang Skripsi Outfit Meeting Tuskedo Pria,"Merah Cabe,M",Merah Cabe,M,3IN1-P-MCB-M
1551,11397737616,Best Seller Tuxedo Pria 3 In 1 Paket Berisi Blazer Rompi Dan Celana Pakaian Kantor Jas Nikah Pakaian Sidang Skripsi Outfit Meeting Tuskedo Pria,"Putih,XXXL",Putih,XXXL,3IN1-P-PTH-XXXL
