row,product_id,product_name,variation_name,reason,lookup_key
7,47160852979,Dasi kupu-kupu warna hitam aksesoris jas blazer,,product_not_mapped,
164,23422488757,Jas Blazer Anak Laki Laki Formal Usia 2 Tahun Sampai 13 Tahun Outerwear Formal Untuk Anak,"Biru Langit,11 Thn",exact_master_combination_not_found,"('JAS', 'Anak', 'Biru Langit', '11 Tahun')"
165,23422488757,Jas Blazer Anak Laki Laki Formal Usia 2 Tahun Sampai 13 Tahun Outerwear Formal Untuk Anak,"Biru Langit,10 Thn",exact_master_combination_not_found,"('JAS', 'Anak', 'Biru Langit', '10 Tahun')"
166,23422488757,Jas Blazer Anak Laki Laki Formal Usia 2 Tahun Sampai 13 Tahun Outerwear Formal Untuk Anak,"Merah Cabai,5-6 Thn",exact_master_combination_not_found,"('JAS', 'Anak', 'Merah Cabe', '5-6 Tahun')"
167,23422488757,Jas Blazer Anak Laki Laki Formal Usia 2 Tahun Sampai 13 Tahun Outerwear Formal Untuk Anak,"Merah Cabai,7 Thn",exact_master_combination_not_found,"('JAS', 'Anak', 'Merah Cabe', '7 Tahun')"
168,23422488757,Jas Blazer Anak Laki Laki Formal Usia 2 Tahun Sampai 13 Tahun Outerwear Formal Untuk Anak,"Burgundy,10 Thn",exact_master_combination_not_found,"('JAS', 'Anak', 'Marun Tua', '10 Tahun')"
169,23422488757,Jas Blazer Anak Laki Laki Formal Usia 2 Tahun Sampai 13 Tahun Outerwear Formal Untuk Anak,"Abu,8 Thn",exact_master_combination_not_found,"('JAS', 'Anak', 'Abu', '8 Tahun')"
170,23422488757,Jas Blazer Anak Laki Laki Formal Usia 2 Tahun Sampai 13 Tahun Outerwear Formal Untuk Anak,"Biru Langit,2-4 Thn",exact_master_combination_not_found,"('JAS', 'Anak', 'Biru Langit', '2-4 Tahun')"
171,23422488757,Jas Blazer Anak Laki Laki Formal Usia 2 Tahun Sampai 13 Tahun Outerwear Formal Untuk Anak,"Burgundy,7 Thn",exact_master_combination_not_found,"('JAS', 'Anak', 'Marun Tua', '7 Tahun')"
172,23422488757,Jas Blazer Anak Laki Laki Formal Usia 2 Tahun Sampai 13 Tahun Outerwear Formal Untuk Anak,"Hitam,11 Thn",exact_master_combination_not_found,"('JAS', 'Anak', 'Hitam', '11 Tahun')"
173,23422488757,Jas Blazer Anak Laki Laki Formal Usia 2 Tahun Sampai 13 Tahun Outerwear Formal Untuk Anak,"Burgundy,2-4 Thn",exact_master_combination_not_found,"('JAS', 'Anak', 'Marun Tua', '2-4 Tahun')"
174,23422488757,Jas Blazer Anak Laki Laki Formal Usia 2 Tahun Sampai 13 Tahun Outerwear Formal Untuk Anak,"Hitam,5-6 Thn",exact_master_combination_not_found,"('JAS', 'Anak', 'Hitam', '5-6 Tahun')"
175,23422488757,Jas Blazer Anak Laki Laki Formal Usia 2 Tahun Sampai 13 Tahun Outerwear Formal Untuk Anak,"Merah Cabai,9 Thn",exact_master_combination_not_found,"('JAS', 'Anak', 'Merah Cabe', '9 Tahun')"
176,23422488757,Jas Blazer Anak Laki Laki Formal Usia 2 Tahun Sampai 13 Tahun Outerwear Formal Untuk Anak,"Hitam,2-4 Thn",exact_master_combination_not_found,"('JAS', 'Anak', 'Hitam', '2-4 Tahun')"
177,23422488757,Jas Blazer Anak Laki Laki Formal Usia 2 Tahun Sampai 13 Tahun Outerwear Formal Untuk Anak,"Merah Cabai,11 Thn",exact_master_combination_not_found,"('JAS', 'Anak', 'Merah Cabe', '11 Tahun')"
178,23422488757,Jas Blazer Anak Laki Laki Formal Usia 2 Tahun Sampai 13 Tahun Outerwear Formal Untuk Anak,"Merah Cabai,8 Thn",exact_master_combination_not_found,"('JAS', 'Anak', 'Merah Cabe', '8 Tahun')"
179,23422488757,Jas Blazer Anak Laki Laki Formal Usia 2 Tahun Sampai 13 Tahun Outerwear Formal Untuk Anak,"Hitam,7 Thn",exact_master_combination_not_found,"('JAS', 'Anak', 'Hitam', '7 Tahun')"
180,23422488757,Jas Blazer Anak Laki Laki Formal Usia 2 Tahun Sampai 13 Tahun Outerwear Formal Untuk Anak,"Navy,10 Thn",exact_master_combination_not_found,"('JAS', 'Anak', 'Navy', '10 Tahun')"
181,23422488757,Jas Blazer Anak Laki Laki Formal Usia 2 Tahun Sampai 13 Tahun Outerwear Formal Untuk Anak,"Hitam,8 Thn",exact_master_combination_not_found,"('JAS', 'Anak', 'Hitam', '8 Tahun')"
182,23422488757,Jas Blazer Anak Laki Laki Formal Usia 2 Tahun Sampai 13 Tahun Outerwear Formal Untuk Anak,"Biru Langit,8 Thn",exact_master_combination_not_found,"('JAS', 'Anak', 'Biru Langit', '8 Tahun')"
183,23422488757,Jas Blazer Anak Laki Laki Formal Usia 2 Tahun Sampai 13 Tahun Outerwear Formal Untuk Anak,"Biru Langit,5-6 Thn",exact_master_combination_not_found,"('JAS', 'Anak', 'Biru Langit', '5-6 Tahun')"
184,23422488757,Jas Blazer Anak Laki Laki Formal Usia 2 Tahun Sampai 13 Tahun Outerwear Formal Untuk Anak,"Navy,9 Thn",exact_master_combination_not_found,"('JAS', 'Anak', 'Navy', '9 Tahun')"
185,23422488757,Jas Blazer Anak Laki Laki Formal Usia 2 Tahun Sampai 13 Tahun Outerwear Formal Untuk Anak,"Abu,10 Thn",exact_master_combination_not_found,"('JAS', 'Anak', 'Abu', '10 Tahun')"
186,23422488757,Jas Blazer Anak Laki Laki Formal Usia 2 Tahun Sampai 13 Tahun Outerwear Formal Untuk Anak,"Burgundy,5-6 Thn",exact_master_combination_not_found,"('JAS', 'Anak', 'Marun Tua', '5-6 Tahun')"
187,23422488757,Jas Blazer Anak Laki Laki Formal Usia 2 Tahun Sampai 13 Tahun Outerwear Formal Untuk Anak,"Baby Pink,11 Thn",exact_master_combination_not_found,"('JAS', 'Anak', 'Baby Pink', '11 Tahun')"
188,23422488757,Jas Blazer Anak Laki Laki Formal Usia 2 Tahun Sampai 13 Tahun Outerwear Formal Untuk Anak,"Navy,2-4 Thn",exact_master_combination_not_found,"('JAS', 'Anak', 'Navy', '2-4 Tahun')"
189,23422488757,Jas Blazer Anak Laki Laki Formal Usia 2 Tahun Sampai 13 Tahun Outerwear Formal Untuk Anak,"Hitam,9 Thn",exact_master_combination_not_found,"('JAS', 'Anak', 'Hitam', '9 Tahun')"
190,23422488757,Jas Blazer Anak Laki Laki Formal Usia 2 Tahun Sampai 13 Tahun Outerwear Formal Untuk Anak,"Merah Cabai,2-4 Thn",exact_master_combination_not_found,"('JAS', 'Anak', 'Merah Cabe', '2-4 Tahun')"
191,23422488757,Jas Blazer Anak Laki Laki Formal Usia 2 Tahun Sampai 13 Tahun Outerwear Formal Untuk Anak,"Biru Langit,9 Thn",exact_master_combination_not_found,"('JAS', 'Anak', 'Biru Langit', '9 Tahun')"
192,23422488757,Jas Blazer Anak Laki Laki Formal Usia 2 Tahun Sampai 13 Tahun Outerwear Formal Untuk Anak,"Navy,7 Thn",exact_master_combination_not_found,"('JAS', 'Anak', 'Navy', '7 Tahun')"
193,23422488757,Jas Blazer Anak Laki Laki Formal Usia 2 Tahun Sampai 13 Tahun Outerwear Formal Untuk Anak,"Abu,2-4 Thn",exact_master_combination_not_found,"('JAS', 'Anak', 'Abu', '2-4 Tahun')"
194,23422488757,Jas Blazer Anak Laki Laki Formal Usia 2 Tahun Sampai 13 Tahun Outerwear Formal Untuk Anak,"Burgundy,9 Thn",exact_master_combination_not_found,"('JAS', 'Anak', 'Marun Tua', '9 Tahun')"
195,23422488757,Jas Blazer Anak Laki Laki Formal Usia 2 Tahun Sampai 13 Tahun Outerwear Formal Untuk Anak,"Baby Pink,7 Thn",exact_master_combination_not_found,"('JAS', 'Anak', 'Baby Pink', '7 Tahun')"
196,23422488757,Jas Blazer Anak Laki Laki Formal Usia 2 Tahun Sampai 13 Tahun Outerwear Formal Untuk Anak,"Baby Pink,8 Thn",exact_master_combination_not_found,"('JAS', 'Anak', 'Baby Pink', '8 Tahun')"
197,23422488757,Jas Blazer Anak Laki Laki Formal Usia 2 Tahun Sampai 13 Tahun Outerwear Formal Untuk Anak,"Abu,5-6 Thn",exact_master_combination_not_found,"('JAS', 'Anak', 'Abu', '5-6 Tahun')"
198,23422488757,Jas Blazer Anak Laki Laki Formal Usia 2 Tahun Sampai 13 Tahun Outerwear Formal Untuk Anak,"Baby Pink,2-4 Thn",exact_master_combination_not_found,"('JAS', 'Anak', 'Baby Pink', '2-4 Tahun')"
199,23422488757,Jas Blazer Anak Laki Laki Formal Usia 2 Tahun Sampai 13 Tahun Outerwear Formal Untuk Anak,"Navy,11 Thn",exact_master_combination_not_found,"('JAS', 'Anak', 'Navy', '11 Tahun')"
200,23422488757,Jas Blazer Anak Laki Laki Formal Usia 2 Tahun Sampai 13 Tahun Outerwear Formal Untuk Anak,"Baby Pink,10 Thn",exact_master_combination_not_found,"('JAS', 'Anak', 'Baby Pink', '10 Tahun')"
201,23422488757,Jas Blazer Anak Laki Laki Formal Usia 2 Tahun Sampai 13 Tahun Outerwear Formal Untuk Anak,"Abu,7 Thn",exact_master_combination_not_found,"('JAS', 'Anak', 'Abu', '7 Tahun')"
202,23422488757,Jas Blazer Anak Laki Laki Formal Usia 2 Tahun Sampai 13 Tahun Outerwear Formal Untuk Anak,"Abu,9 Thn",exact_master_combination_not_found,"('JAS', 'Anak', 'Abu', '9 Tahun')"
203,23422488757,Jas Blazer Anak Laki Laki Formal Usia 2 Tahun Sampai 13 Tahun Outerwear Formal Untuk Anak,"Navy,5-6 Thn",exact_master_combination_not_found,"('JAS', 'Anak', 'Navy', '5-6 Tahun')"
204,23422488757,Jas Blazer Anak Laki Laki Formal Usia 2 Tahun Sampai 13 Tahun Outerwear Formal Untuk Anak,"Baby Pink,5-6 Thn",exact_master_combination_not_found,"('JAS', 'Anak', 'Baby Pink', '5-6 Tahun')"
205,23422488757,Jas Blazer Anak Laki Laki Formal Usia 2 Tahun Sampai 13 Tahun Outerwear Formal Untuk Anak,"Burgundy,11 Thn",exact_master_combination_not_found,"('JAS', 'Anak', 'Marun Tua', '11 Tahun')"
206,23422488757,Jas Blazer Anak Laki Laki Formal Usia 2 Tahun Sampai 13 Tahun Outerwear Formal Untuk Anak,"Biru Langit,7 Thn",exact_master_combination_not_found,"('JAS', 'Anak', 'Biru Langit', '7 Tahun')"
207,23422488757,Jas Blazer Anak Laki Laki Formal Usia 2 Tahun Sampai 13 Tahun Outerwear Formal Untuk Anak,"Merah Cabai,10 Thn",exact_master_combination_not_found,"('JAS', 'Anak', 'Merah Cabe', '10 Tahun')"
208,23422488757,Jas Blazer Anak Laki Laki Formal Usia 2 Tahun Sampai 13 Tahun Outerwear Formal Untuk Anak,"Abu,11 Thn",exact_master_combination_not_found,"('JAS', 'Anak', 'Abu', '11 Tahun')"
209,23422488757,Jas Blazer Anak Laki Laki Formal Usia 2 Tahun Sampai 13 Tahun Outerwear Formal Untuk Anak,"Navy,8 Thn",exact_master_combination_not_found,"('JAS', 'Anak', 'Navy', '8 Tahun')"
210,23422488757,Jas Blazer Anak Laki Laki Formal Usia 2 Tahun Sampai 13 Tahun Outerwear Formal Untuk Anak,"Hitam,10 Thn",exact_master_combination_not_found,"('JAS', 'Anak', 'Hitam', '10 Tahun')"
211,23422488757,Jas Blazer Anak Laki Laki Formal Usia 2 Tahun Sampai 13 Tahun Outerwear Formal Untuk Anak,"Baby Pink,9 Thn",exact_master_combination_not_found,"('JAS', 'Anak', 'Baby Pink', '9 Tahun')"
212,23422488757,Jas Blazer Anak Laki Laki Formal Usia 2 Tahun Sampai 13 Tahun Outerwear Formal Untuk Anak,"Burgundy,8 Thn",exact_master_combination_not_found,"('JAS', 'Anak', 'Marun Tua', '8 Tahun')"
213,23324959833,Best Seller Kulot Wanita Highwaist Pants Panjang Bahan Adem Tebal Dan Jatoh Loose Pants Cewek,"Navy,XL",product_not_mapped,
214,23324959833,Best Seller Kulot Wanita Highwaist Pants Panjang Bahan Adem Tebal Dan Jatoh Loose Pants Cewek,"Latte,M",product_not_mapped,
215,23324959833,Best Seller Kulot Wanita Highwaist Pants Panjang Bahan Adem Tebal Dan Jatoh Loose Pants Cewek,"Mocca,M",product_not_mapped,
216,23324959833,Best Seller Kulot Wanita Highwaist Pants Panjang Bahan Adem Tebal Dan Jatoh Loose Pants Cewek,"Rose Gold,L",product_not_mapped,
217,23324959833,Best Seller Kulot Wanita Highwaist Pants Panjang Bahan Adem Tebal Dan Jatoh Loose Pants Cewek,"Navy,M",product_not_mapped,
218,23324959833,Best Seller Kulot Wanita Highwaist Pants Panjang Bahan Adem Tebal Dan Jatoh Loose Pants Cewek,"Abu Tua,XL",product_not_mapped,
219,23324959833,Best Seller Kulot Wanita Highwaist Pants Panjang Bahan Adem Tebal Dan Jatoh Loose Pants Cewek,"Abu Tua,L",product_not_mapped,
220,23324959833,Best Seller Kulot Wanita Highwaist Pants Panjang Bahan Adem Tebal Dan Jatoh Loose Pants Cewek,"Hitam,XL",product_not_mapped,
221,23324959833,Best Seller Kulot Wanita Highwaist Pants Panjang Bahan Adem Tebal Dan Jatoh Loose Pants Cewek,"Mocca,XL",product_not_mapped,
222,23324959833,Best Seller Kulot Wanita Highwaist Pants Panjang Bahan Adem Tebal Dan Jatoh Loose Pants Cewek,"Mocca,L",product_not_mapped,
223,23324959833,Best Seller Kulot Wanita Highwaist Pants Panjang Bahan Adem Tebal Dan Jatoh Loose Pants Cewek,"Rose Gold,M",product_not_mapped,
224,23324959833,Best Seller Kulot Wanita Highwaist Pants Panjang Bahan Adem Tebal Dan Jatoh Loose Pants Cewek,"Rose Gold,XL",product_not_mapped,
225,23324959833,Best Seller Kulot Wanita Highwaist Pants Panjang Bahan Adem Tebal Dan Jatoh Loose Pants Cewek,"Latte,XL",product_not_mapped,
226,23324959833,Best Seller Kulot Wanita Highwaist Pants Panjang Bahan Adem Tebal Dan Jatoh Loose Pants Cewek,"Hitam,M",product_not_mapped,
227,23324959833,Best Seller Kulot Wanita Highwaist Pants Panjang Bahan Adem Tebal Dan Jatoh Loose Pants Cewek,"Navy,L",product_not_mapped,
228,23324959833,Best Seller Kulot Wanita Highwaist Pants Panjang Bahan Adem Tebal Dan Jatoh Loose Pants Cewek,"Abu Muda,XL",product_not_mapped,
229,23324959833,Best Seller Kulot Wanita Highwaist Pants Panjang Bahan Adem Tebal Dan Jatoh Loose Pants Cewek,"Abu Muda,M",product_not_mapped,
230,23324959833,Best Seller Kulot Wanita Highwaist Pants Panjang Bahan Adem Tebal Dan Jatoh Loose Pants Cewek,"Hitam,L",product_not_mapped,
231,23324959833,Best Seller Kulot Wanita Highwaist Pants Panjang Bahan Adem Tebal Dan Jatoh Loose Pants Cewek,"Latte,L",product_not_mapped,
232,23324959833,Best Seller Kulot Wanita Highwaist Pants Panjang Bahan Adem Tebal Dan Jatoh Loose Pants Cewek,"Abu Tua,M",product_not_mapped,
233,23324959833,Best Seller Kulot Wanita Highwaist Pants Panjang Bahan Adem Tebal Dan Jatoh Loose Pants Cewek,"Abu Muda,L",product_not_mapped,
234,22949962550,Kolor Pria Dan Wanita Unisex Dengan Logo Bordir Dan Bahan Yang Tebal Premium Kolor Olahraga Kolor Sehari hari,"Biru,L",product_not_mapped,
235,22949962550,Kolor Pria Dan Wanita Unisex Dengan Logo Bordir Dan Bahan Yang Tebal Premium Kolor Olahraga Kolor Sehari hari,"Biru,XL",product_not_mapped,
236,22949962550,Kolor Pria Dan Wanita Unisex Dengan Logo Bordir Dan Bahan Yang Tebal Premium Kolor Olahraga Kolor Sehari hari,"Navy,L",product_not_mapped,
237,22949962550,Kolor Pria Dan Wanita Unisex Dengan Logo Bordir Dan Bahan Yang Tebal Premium Kolor Olahraga Kolor Sehari hari,"Navy,XL",product_not_mapped,
238,22915043294,Best Seller Kemeja Flanel Kasual Bahan Adem Unisex Outfit Kampus Kemeja Flanel Pria Tangan Panjang,"1,XL",product_not_mapped,
239,22915043294,Best Seller Kemeja Flanel Kasual Bahan Adem Unisex Outfit Kampus Kemeja Flanel Pria Tangan Panjang,"7,XL",product_not_mapped,
240,22915043294,Best Seller Kemeja Flanel Kasual Bahan Adem Unisex Outfit Kampus Kemeja Flanel Pria Tangan Panjang,"8,XL",product_not_mapped,
241,22915043294,Best Seller Kemeja Flanel Kasual Bahan Adem Unisex Outfit Kampus Kemeja Flanel Pria Tangan Panjang,"2,L",product_not_mapped,
242,22915043294,Best Seller Kemeja Flanel Kasual Bahan Adem Unisex Outfit Kampus Kemeja Flanel Pria Tangan Panjang,"6,L",product_not_mapped,
243,22915043294,Best Seller Kemeja Flanel Kasual Bahan Adem Unisex Outfit Kampus Kemeja Flanel Pria Tangan Panjang,"2,XL",product_not_mapped,
244,22915043294,Best Seller Kemeja Flanel Kasual Bahan Adem Unisex Outfit Kampus Kemeja Flanel Pria Tangan Panjang,"4,XL",product_not_mapped,
245,22915043294,Best Seller Kemeja Flanel Kasual Bahan Adem Unisex Outfit Kampus Kemeja Flanel Pria Tangan Panjang,"3,XL",product_not_mapped,
246,22915043294,Best Seller Kemeja Flanel Kasual Bahan Adem Unisex Outfit Kampus Kemeja Flanel Pria Tangan Panjang,"5,L",product_not_mapped,
247,22915043294,Best Seller Kemeja Flanel Kasual Bahan Adem Unisex Outfit Kampus Kemeja Flanel Pria Tangan Panjang,"6,XL",product_not_mapped,
248,22915043294,Best Seller Kemeja Flanel Kasual Bahan Adem Unisex Outfit Kampus Kemeja Flanel Pria Tangan Panjang,"10,XL",product_not_mapped,
249,22915043294,Best Seller Kemeja Flanel Kasual Bahan Adem Unisex Outfit Kampus Kemeja Flanel Pria Tangan Panjang,"3,L",product_not_mapped,
250,22915043294,Best Seller Kemeja Flanel Kasual Bahan Adem Unisex Outfit Kampus Kemeja Flanel Pria Tangan Panjang,"9,XL",product_not_mapped,
251,22915043294,Best Seller Kemeja Flanel Kasual Bahan Adem Unisex Outfit Kampus Kemeja Flanel Pria Tangan Panjang,"9,L",product_not_mapped,
252,22915043294,Best Seller Kemeja Flanel Kasual Bahan Adem Unisex Outfit Kampus Kemeja Flanel Pria Tangan Panjang,"10,L",product_not_mapped,
253,22915043294,Best Seller Kemeja Flanel Kasual Bahan Adem Unisex Outfit Kampus Kemeja Flanel Pria Tangan Panjang,"7,L",product_not_mapped,
254,22915043294,Best Seller Kemeja Flanel Kasual Bahan Adem Unisex Outfit Kampus Kemeja Flanel Pria Tangan Panjang,"1,L",product_not_mapped,
255,22915043294,Best Seller Kemeja Flanel Kasual Bahan Adem Unisex Outfit Kampus Kemeja Flanel Pria Tangan Panjang,"5,XL",product_not_mapped,
256,22915043294,Best Seller Kemeja Flanel Kasual Bahan Adem Unisex Outfit Kampus Kemeja Flanel Pria Tangan Panjang,"8,L",product_not_mapped,
257,22915043294,Best Seller Kemeja Flanel Kasual Bahan Adem Unisex Outfit Kampus Kemeja Flanel Pria Tangan Panjang,"4,L",product_not_mapped,
503,21876818960,Best Seller One Set Blazer Wanita Korean Style dan Celana Kulot Highwaist Premium Tebal 2 IN 1 Set Pakaian Wanita Mode Tren Blazer dan Kulot Wanita,"Moka,L",color_not_in_master,
505,21876818960,Best Seller One Set Blazer Wanita Korean Style dan Celana Kulot Highwaist Premium Tebal 2 IN 1 Set Pakaian Wanita Mode Tren Blazer dan Kulot Wanita,"Dark Grey,M",color_not_in_master,
506,21876818960,Best Seller One Set Blazer Wanita Korean Style dan Celana Kulot Highwaist Premium Tebal 2 IN 1 Set Pakaian Wanita Mode Tren Blazer dan Kulot Wanita,"Light Grey,M",color_not_in_master,
508,21876818960,Best Seller One Set Blazer Wanita Korean Style dan Celana Kulot Highwaist Premium Tebal 2 IN 1 Set Pakaian Wanita Mode Tren Blazer dan Kulot Wanita,"Dusty Pink,M",color_not_in_master,
509,21876818960,Best Seller One Set Blazer Wanita Korean Style dan Celana Kulot Highwaist Premium Tebal 2 IN 1 Set Pakaian Wanita Mode Tren Blazer dan Kulot Wanita,"Light Grey,L",color_not_in_master,
510,21876818960,Best Seller One Set Blazer Wanita Korean Style dan Celana Kulot Highwaist Premium Tebal 2 IN 1 Set Pakaian Wanita Mode Tren Blazer dan Kulot Wanita,"Moka,XL",color_not_in_master,
511,21876818960,Best Seller One Set Blazer Wanita Korean Style dan Celana Kulot Highwaist Premium Tebal 2 IN 1 Set Pakaian Wanita Mode Tren Blazer dan Kulot Wanita,"Latte,M",color_not_in_master,
512,21876818960,Best Seller One Set Blazer Wanita Korean Style dan Celana Kulot Highwaist Premium Tebal 2 IN 1 Set Pakaian Wanita Mode Tren Blazer dan Kulot Wanita,"Latte,XL",color_not_in_master,
513,21876818960,Best Seller One Set Blazer Wanita Korean Style dan Celana Kulot Highwaist Premium Tebal 2 IN 1 Set Pakaian Wanita Mode Tren Blazer dan Kulot Wanita,"Dusty Pink,XL",color_not_in_master,
514,21876818960,Best Seller One Set Blazer Wanita Korean Style dan Celana Kulot Highwaist Premium Tebal 2 IN 1 Set Pakaian Wanita Mode Tren Blazer dan Kulot Wanita,"Moka,M",color_not_in_master,
516,21876818960,Best Seller One Set Blazer Wanita Korean Style dan Celana Kulot Highwaist Premium Tebal 2 IN 1 Set Pakaian Wanita Mode Tren Blazer dan Kulot Wanita,"Dusty Pink,L",color_not_in_master,
517,21876818960,Best Seller One Set Blazer Wanita Korean Style dan Celana Kulot Highwaist Premium Tebal 2 IN 1 Set Pakaian Wanita Mode Tren Blazer dan Kulot Wanita,"Light Grey,XL",color_not_in_master,
518,21876818960,Best Seller One Set Blazer Wanita Korean Style dan Celana Kulot Highwaist Premium Tebal 2 IN 1 Set Pakaian Wanita Mode Tren Blazer dan Kulot Wanita,"Dark Grey,XL",color_not_in_master,
519,21876818960,Best Seller One Set Blazer Wanita Korean Style dan Celana Kulot Highwaist Premium Tebal 2 IN 1 Set Pakaian Wanita Mode Tren Blazer dan Kulot Wanita,"Latte,L",color_not_in_master,
520,21876818960,Best Seller One Set Blazer Wanita Korean Style dan Celana Kulot Highwaist Premium Tebal 2 IN 1 Set Pakaian Wanita Mode Tren Blazer dan Kulot Wanita,"Dark Grey,L",color_not_in_master,
521,20054716390,Best Seller Dasi Panjang Long Tie Formal Untuk Blazer Formal,,product_not_mapped,
522,19516756511,Best Seller Celana Sirwal Pria Polos Bawahan Celana Cingkrang Sirwal Dewasa Celana Sirwal Pria Dewasa Pakaian Pria Celana Pria Dewasa Celana Teuku Wisnu Celana Alwaleed Celana Muslim,"Navy,XL",product_not_mapped,
523,19516756511,Best Seller Celana Sirwal Pria Polos Bawahan Celana Cingkrang Sirwal Dewasa Celana Sirwal Pria Dewasa Pakaian Pria Celana Pria Dewasa Celana Teuku Wisnu Celana Alwaleed Celana Muslim,"Navy,M",product_not_mapped,
524,19516756511,Best Seller Celana Sirwal Pria Polos Bawahan Celana Cingkrang Sirwal Dewasa Celana Sirwal Pria Dewasa Pakaian Pria Celana Pria Dewasa Celana Teuku Wisnu Celana Alwaleed Celana Muslim,"Krem,XXL",product_not_mapped,
525,19516756511,Best Seller Celana Sirwal Pria Polos Bawahan Celana Cingkrang Sirwal Dewasa Celana Sirwal Pria Dewasa Pakaian Pria Celana Pria Dewasa Celana Teuku Wisnu Celana Alwaleed Celana Muslim,"Abu Lumut,M",product_not_mapped,
526,19516756511,Best Seller Celana Sirwal Pria Polos Bawahan Celana Cingkrang Sirwal Dewasa Celana Sirwal Pria Dewasa Pakaian Pria Celana Pria Dewasa Celana Teuku Wisnu Celana Alwaleed Celana Muslim,"Abu Tua,XXL",product_not_mapped,
527,19516756511,Best Seller Celana Sirwal Pria Polos Bawahan Celana Cingkrang Sirwal Dewasa Celana Sirwal Pria Dewasa Pakaian Pria Celana Pria Dewasa Celana Teuku Wisnu Celana Alwaleed Celana Muslim,"Mocca,L",product_not_mapped,
528,19516756511,Best Seller Celana Sirwal Pria Polos Bawahan Celana Cingkrang Sirwal Dewasa Celana Sirwal Pria Dewasa Pakaian Pria Celana Pria Dewasa Celana Teuku Wisnu Celana Alwaleed Celana Muslim,"Navy,L",product_not_mapped,
529,19516756511,Best Seller Celana Sirwal Pria Polos Bawahan Celana Cingkrang Sirwal Dewasa Celana Sirwal Pria Dewasa Pakaian Pria Celana Pria Dewasa Celana Teuku Wisnu Celana Alwaleed Celana Muslim,"Krem,M",product_not_mapped,
530,19516756511,Best Seller Celana Sirwal Pria Polos Bawahan Celana Cingkrang Sirwal Dewasa Celana Sirwal Pria Dewasa Pakaian Pria Celana Pria Dewasa Celana Teuku Wisnu Celana Alwaleed Celana Muslim,"Mocca,XL",product_not_mapped,
531,19516756511,Best Seller Celana Sirwal Pria Polos Bawahan Celana Cingkrang Sirwal Dewasa Celana Sirwal Pria Dewasa Pakaian Pria Celana Pria Dewasa Celana Teuku Wisnu Celana Alwaleed Celana Muslim,"Mocca,XXL",product_not_mapped,
532,19516756511,Best Seller Celana Sirwal Pria Polos Bawahan Celana Cingkrang Sirwal Dewasa Celana Sirwal Pria Dewasa Pakaian Pria Celana Pria Dewasa Celana Teuku Wisnu Celana Alwaleed Celana Muslim,"Hitam,XL",product_not_mapped,
533,19516756511,Best Seller Celana Sirwal Pria Polos Bawahan Celana Cingkrang Sirwal Dewasa Celana Sirwal Pria Dewasa Pakaian Pria Celana Pria Dewasa Celana Teuku Wisnu Celana Alwaleed Celana Muslim,"Abu Lumut,XXL",product_not_mapped,
534,19516756511,Best Seller Celana Sirwal Pria Polos Bawahan Celana Cingkrang Sirwal Dewasa Celana Sirwal Pria Dewasa Pakaian Pria Celana Pria Dewasa Celana Teuku Wisnu Celana Alwaleed Celana Muslim,"Abu Tua,XL",product_not_mapped,
535,19516756511,Best Seller Celana Sirwal Pria Polos Bawahan Celana Cingkrang Sirwal Dewasa Celana Sirwal Pria Dewasa Pakaian Pria Celana Pria Dewasa Celana Teuku Wisnu Celana Alwaleed Celana Muslim,"Krem,L",product_not_mapped,
536,19516756511,Best Seller Celana Sirwal Pria Polos Bawahan Celana Cingkrang Sirwal Dewasa Celana Sirwal Pria Dewasa Pakaian Pria Celana Pria Dewasa Celana Teuku Wisnu Celana Alwaleed Celana Muslim,"Abu Lumut,L",product_not_mapped,
537,19516756511,Best Seller Celana Sirwal Pria Polos Bawahan Celana Cingkrang Sirwal Dewasa Celana Sirwal Pria Dewasa Pakaian Pria Celana Pria Dewasa Celana Teuku Wisnu Celana Alwaleed Celana Muslim,"Abu Lumut,XL",product_not_mapped,
538,19516756511,Best Seller Celana Sirwal Pria Polos Bawahan Celana Cingkrang Sirwal Dewasa Celana Sirwal Pria Dewasa Pakaian Pria Celana Pria Dewasa Celana Teuku Wisnu Celana Alwaleed Celana Muslim,"Krem,XL",product_not_mapped,
539,19516756511,Best Seller Celana Sirwal Pria Polos Bawahan Celana Cingkrang Sirwal Dewasa Celana Sirwal Pria Dewasa Pakaian Pria Celana Pria Dewasa Celana Teuku Wisnu Celana Alwaleed Celana Muslim,"Mocca,M",product_not_mapped,
540,19516756511,Best Seller Celana Sirwal Pria Polos Bawahan Celana Cingkrang Sirwal Dewasa Celana Sirwal Pria Dewasa Pakaian Pria Celana Pria Dewasa Celana Teuku Wisnu Celana Alwaleed Celana Muslim,"Abu Tua,L",product_not_mapped,
541,19516756511,Best Seller Celana Sirwal Pria Polos Bawahan Celana Cingkrang Sirwal Dewasa Celana Sirwal Pria Dewasa Pakaian Pria Celana Pria Dewasa Celana Teuku Wisnu Celana Alwaleed Celana Muslim,"Hitam,XXL",product_not_mapped,
542,19516756511,Best Seller Celana Sirwal Pria Polos Bawahan Celana Cingkrang Sirwal Dewasa Celana Sirwal Pria Dewasa Pakaian Pria Celana Pria Dewasa Celana Teuku Wisnu Celana Alwaleed Celana Muslim,"Hitam,M",product_not_mapped,
543,19516756511,Best Seller Celana Sirwal Pria Polos Bawahan Celana Cingkrang Sirwal Dewasa Celana Sirwal Pria Dewasa Pakaian Pria Celana Pria Dewasa Celana Teuku Wisnu Celana Alwaleed Celana Muslim,"Abu Tua,M",product_not_mapped,
544,19516756511,Best Seller Celana Sirwal Pria Polos Bawahan Celana Cingkrang Sirwal Dewasa Celana Sirwal Pria Dewasa Pakaian Pria Celana Pria Dewasa Celana Teuku Wisnu Celana Alwaleed Celana Muslim,"Navy,XXL",product_not_mapped,
545,19516756511,Best Seller Celana Sirwal Pria Polos Bawahan Celana Cingkrang Sirwal Dewasa Celana Sirwal Pria Dewasa Pakaian Pria Celana Pria Dewasa Celana Teuku Wisnu Celana Alwaleed Celana Muslim,"Hitam,L",product_not_mapped,
546,19117557162,Best Seller Celana Sirwal Cargo Celana Komprang Pria Celana Pangsi Pria Dewasa Celana Komprang Model Kargo Pria Dewasa,"Hitam,XL",product_not_mapped,
547,19117557162,Best Seller Celana Sirwal Cargo Celana Komprang Pria Celana Pangsi Pria Dewasa Celana Komprang Model Kargo Pria Dewasa,"Navy,M",product_not_mapped,
548,19117557162,Best Seller Celana Sirwal Cargo Celana Komprang Pria Celana Pangsi Pria Dewasa Celana Komprang Model Kargo Pria Dewasa,"Cream,L",product_not_mapped,
549,19117557162,Best Seller Celana Sirwal Cargo Celana Komprang Pria Celana Pangsi Pria Dewasa Celana Komprang Model Kargo Pria Dewasa,"Navy,XXL",product_not_mapped,
550,19117557162,Best Seller Celana Sirwal Cargo Celana Komprang Pria Celana Pangsi Pria Dewasa Celana Komprang Model Kargo Pria Dewasa,"Pemda,L",product_not_mapped,
551,19117557162,Best Seller Celana Sirwal Cargo Celana Komprang Pria Celana Pangsi Pria Dewasa Celana Komprang Model Kargo Pria Dewasa,"Army Tua,XL",product_not_mapped,
552,19117557162,Best Seller Celana Sirwal Cargo Celana Komprang Pria Celana Pangsi Pria Dewasa Celana Komprang Model Kargo Pria Dewasa,"Abu Tua,XXL",product_not_mapped,
553,19117557162,Best Seller Celana Sirwal Cargo Celana Komprang Pria Celana Pangsi Pria Dewasa Celana Komprang Model Kargo Pria Dewasa,"Cream,XL",product_not_mapped,
554,19117557162,Best Seller Celana Sirwal Cargo Celana Komprang Pria Celana Pangsi Pria Dewasa Celana Komprang Model Kargo Pria Dewasa,"Army Tua,M",product_not_mapped,
555,19117557162,Best Seller Celana Sirwal Cargo Celana Komprang Pria Celana Pangsi Pria Dewasa Celana Komprang Model Kargo Pria Dewasa,"Pemda,XXL",product_not_mapped,
556,19117557162,Best Seller Celana Sirwal Cargo Celana Komprang Pria Celana Pangsi Pria Dewasa Celana Komprang Model Kargo Pria Dewasa,"Hitam,L",product_not_mapped,
557,19117557162,Best Seller Celana Sirwal Cargo Celana Komprang Pria Celana Pangsi Pria Dewasa Celana Komprang Model Kargo Pria Dewasa,"Hitam,XXL",product_not_mapped,
558,19117557162,Best Seller Celana Sirwal Cargo Celana Komprang Pria Celana Pangsi Pria Dewasa Celana Komprang Model Kargo Pria Dewasa,"Pemda,M",product_not_mapped,
559,19117557162,Best Seller Celana Sirwal Cargo Celana Komprang Pria Celana Pangsi Pria Dewasa Celana Komprang Model Kargo Pria Dewasa,"Olive,L",product_not_mapped,
560,19117557162,Best Seller Celana Sirwal Cargo Celana Komprang Pria Celana Pangsi Pria Dewasa Celana Komprang Model Kargo Pria Dewasa,"Olive,XL",product_not_mapped,
561,19117557162,Best Seller Celana Sirwal Cargo Celana Komprang Pria Celana Pangsi Pria Dewasa Celana Komprang Model Kargo Pria Dewasa,"Cream,M",product_not_mapped,
562,19117557162,Best Seller Celana Sirwal Cargo Celana Komprang Pria Celana Pangsi Pria Dewasa Celana Komprang Model Kargo Pria Dewasa,"Olive,XXL",product_not_mapped,
563,19117557162,Best Seller Celana Sirwal Cargo Celana Komprang Pria Celana Pangsi Pria Dewasa Celana Komprang Model Kargo Pria Dewasa,"Navy,L",product_not_mapped,
564,19117557162,Best Seller Celana Sirwal Cargo Celana Komprang Pria Celana Pangsi Pria Dewasa Celana Komprang Model Kargo Pria Dewasa,"Navy,XL",product_not_mapped,
565,19117557162,Best Seller Celana Sirwal Cargo Celana Komprang Pria Celana Pangsi Pria Dewasa Celana Komprang Model Kargo Pria Dewasa,"Abu Tua,L",product_not_mapped,
566,19117557162,Best Seller Celana Sirwal Cargo Celana Komprang Pria Celana Pangsi Pria Dewasa Celana Komprang Model Kargo Pria Dewasa,"Pemda,XL",product_not_mapped,
567,19117557162,Best Seller Celana Sirwal Cargo Celana Komprang Pria Celana Pangsi Pria Dewasa Celana Komprang Model Kargo Pria Dewasa,"Olive,M",product_not_mapped,
568,19117557162,Best Seller Celana Sirwal Cargo Celana Komprang Pria Celana Pangsi Pria Dewasa Celana Komprang Model Kargo Pria Dewasa,"Army Tua,L",product_not_mapped,
569,19117557162,Best Seller Celana Sirwal Cargo Celana Komprang Pria Celana Pangsi Pria Dewasa Celana Komprang Model Kargo Pria Dewasa,"Hitam,M",product_not_mapped,
570,19117557162,Best Seller Celana Sirwal Cargo Celana Komprang Pria Celana Pangsi Pria Dewasa Celana Komprang Model Kargo Pria Dewasa,"Cream,XXL",product_not_mapped,
571,19117557162,Best Seller Celana Sirwal Cargo Celana Komprang Pria Celana Pangsi Pria Dewasa Celana Komprang Model Kargo Pria Dewasa,"Abu Tua,XL",product_not_mapped,
572,19117557162,Best Seller Celana Sirwal Cargo Celana Komprang Pria Celana Pangsi Pria Dewasa Celana Komprang Model Kargo Pria Dewasa,"Army Tua,XXL",product_not_mapped,
573,19117557162,Best Seller Celana Sirwal Cargo Celana Komprang Pria Celana Pangsi Pria Dewasa Celana Komprang Model Kargo Pria Dewasa,"Abu Tua,M",product_not_mapped,
574,19076831885,Best Seller Outer Wanita Kekinian Panjang 3/4 Korean Style Model Blazer Korea Outer Wanita Kondangan Outfit Kampus Pakaian Kantor,Moka,product_not_mapped,
575,19076831885,Best Seller Outer Wanita Kekinian Panjang 3/4 Korean Style Model Blazer Korea Outer Wanita Kondangan Outfit Kampus Pakaian Kantor,Latte,product_not_mapped,
576,19076831885,Best Seller Outer Wanita Kekinian Panjang 3/4 Korean Style Model Blazer Korea Outer Wanita Kondangan Outfit Kampus Pakaian Kantor,Dusty Pink,product_not_mapped,
577,19076831885,Best Seller Outer Wanita Kekinian Panjang 3/4 Korean Style Model Blazer Korea Outer Wanita Kondangan Outfit Kampus Pakaian Kantor,Hitam,product_not_mapped,
578,19076831885,Best Seller Outer Wanita Kekinian Panjang 3/4 Korean Style Model Blazer Korea Outer Wanita Kondangan Outfit Kampus Pakaian Kantor,Dark Gray,product_not_mapped,
579,19076831885,Best Seller Outer Wanita Kekinian Panjang 3/4 Korean Style Model Blazer Korea Outer Wanita Kondangan Outfit Kampus Pakaian Kantor,Light Gray,product_not_mapped,
771,17992238782,Best Seller Celana Tartan Panjang Pria Style Ngampus Outfit Casual Maupun Formal Pakaian Laki Laki Atasan Pria,"Abu,29",product_not_mapped,
772,17992238782,Best Seller Celana Tartan Panjang Pria Style Ngampus Outfit Casual Maupun Formal Pakaian Laki Laki Atasan Pria,"Cream,27",product_not_mapped,
773,17992238782,Best Seller Celana Tartan Panjang Pria Style Ngampus Outfit Casual Maupun Formal Pakaian Laki Laki Atasan Pria,"Cream,29",product_not_mapped,
774,17992238782,Best Seller Celana Tartan Panjang Pria Style Ngampus Outfit Casual Maupun Formal Pakaian Laki Laki Atasan Pria,"Abu,27",product_not_mapped,
775,17928117325,Best Seller Setelan Koko Anak Set Koko Anak Stelan Koko Anak Laki Laki Stelan Koko Anak Kemeja Koko Anak Baju Koko Anak Laki Setelan Koko Anak Laki Laki 3-9 Tahun Kurta Lengan Pendek,"Putih,S ( 3-5 Tahun )",product_not_mapped,
776,17928117325,Best Seller Setelan Koko Anak Set Koko Anak Stelan Koko Anak Laki Laki Stelan Koko Anak Kemeja Koko Anak Baju Koko Anak Laki Setelan Koko Anak Laki Laki 3-9 Tahun Kurta Lengan Pendek,"Putih,L ( 7 Tahun )",product_not_mapped,
777,17928117325,Best Seller Setelan Koko Anak Set Koko Anak Stelan Koko Anak Laki Laki Stelan Koko Anak Kemeja Koko Anak Baju Koko Anak Laki Setelan Koko Anak Laki Laki 3-9 Tahun Kurta Lengan Pendek,"Merah Maroon,M ( 6 Tahun )",product_not_mapped,
778,17928117325,Best Seller Setelan Koko Anak Set Koko Anak Stelan Koko Anak Laki Laki Stelan Koko Anak Kemeja Koko Anak Baju Koko Anak Laki Setelan Koko Anak Laki Laki 3-9 Tahun Kurta Lengan Pendek,"Merah Maroon,L ( 7 Tahun )",product_not_mapped,
779,17928117325,Best Seller Setelan Koko Anak Set Koko Anak Stelan Koko Anak Laki Laki Stelan Koko Anak Kemeja Koko Anak Baju Koko Anak Laki Setelan Koko Anak Laki Laki 3-9 Tahun Kurta Lengan Pendek,"Abu-abu,L ( 7 Tahun )",product_not_mapped,
780,17928117325,Best Seller Setelan Koko Anak Set Koko Anak Stelan Koko Anak Laki Laki Stelan Koko Anak Kemeja Koko Anak Baju Koko Anak Laki Setelan Koko Anak Laki Laki 3-9 Tahun Kurta Lengan Pendek,"Putih,XL ( 8-9 Tahun )",product_not_mapped,
781,17928117325,Best Seller Setelan Koko Anak Set Koko Anak Stelan Koko Anak Laki Laki Stelan Koko Anak Kemeja Koko Anak Baju Koko Anak Laki Setelan Koko Anak Laki Laki 3-9 Tahun Kurta Lengan Pendek,"Coklat Susu,S ( 3-5 Tahun )",product_not_mapped,
782,17928117325,Best Seller Setelan Koko Anak Set Koko Anak Stelan Koko Anak Laki Laki Stelan Koko Anak Kemeja Koko Anak Baju Koko Anak Laki Setelan Koko Anak Laki Laki 3-9 Tahun Kurta Lengan Pendek,"Abu-abu,XL ( 8-9 Tahun )",product_not_mapped,
783,17928117325,Best Seller Setelan Koko Anak Set Koko Anak Stelan Koko Anak Laki Laki Stelan Koko Anak Kemeja Koko Anak Baju Koko Anak Laki Setelan Koko Anak Laki Laki 3-9 Tahun Kurta Lengan Pendek,"Merah Maroon,XL ( 8-9 Tahun )",product_not_mapped,
784,17928117325,Best Seller Setelan Koko Anak Set Koko Anak Stelan Koko Anak Laki Laki Stelan Koko Anak Kemeja Koko Anak Baju Koko Anak Laki Setelan Koko Anak Laki Laki 3-9 Tahun Kurta Lengan Pendek,"Coklat Susu,M ( 6 Tahun )",product_not_mapped,
785,17928117325,Best Seller Setelan Koko Anak Set Koko Anak Stelan Koko Anak Laki Laki Stelan Koko Anak Kemeja Koko Anak Baju Koko Anak Laki Setelan Koko Anak Laki Laki 3-9 Tahun Kurta Lengan Pendek,"Coklat Susu,XL ( 8-9 Tahun )",product_not_mapped,
786,17928117325,Best Seller Setelan Koko Anak Set Koko Anak Stelan Koko Anak Laki Laki Stelan Koko Anak Kemeja Koko Anak Baju Koko Anak Laki Setelan Koko Anak Laki Laki 3-9 Tahun Kurta Lengan Pendek,"Abu-abu,S ( 3-5 Tahun )",product_not_mapped,
787,17928117325,Best Seller Setelan Koko Anak Set Koko Anak Stelan Koko Anak Laki Laki Stelan Koko Anak Kemeja Koko Anak Baju Koko Anak Laki Setelan Koko Anak Laki Laki 3-9 Tahun Kurta Lengan Pendek,"Coklat Susu,L ( 7 Tahun )",product_not_mapped,
788,17928117325,Best Seller Setelan Koko Anak Set Koko Anak Stelan Koko Anak Laki Laki Stelan Koko Anak Kemeja Koko Anak Baju Koko Anak Laki Setelan Koko Anak Laki Laki 3-9 Tahun Kurta Lengan Pendek,"Putih,M ( 6 Tahun )",product_not_mapped,
789,17928117325,Best Seller Setelan Koko Anak Set Koko Anak Stelan Koko Anak Laki Laki Stelan Koko Anak Kemeja Koko Anak Baju Koko Anak Laki Setelan Koko Anak Laki Laki 3-9 Tahun Kurta Lengan Pendek,"Abu-abu,M ( 6 Tahun )",product_not_mapped,
790,17928117325,Best Seller Setelan Koko Anak Set Koko Anak Stelan Koko Anak Laki Laki Stelan Koko Anak Kemeja Koko Anak Baju Koko Anak Laki Setelan Koko Anak Laki Laki 3-9 Tahun Kurta Lengan Pendek,"Merah Maroon,S ( 3-5 Tahun )",product_not_mapped,
847,17618962718,Best Seller Kolor Mizuno Celana Mizuno Full Printing Kolor Olahraga Pria Kolor Volly Celana Pendek Kolor Pria Katok Kolor Pria Kolor Badminton Pria Kolor Lari Pria Joging,"Garuda Biru,M",product_not_mapped,
848,17618962718,Best Seller Kolor Mizuno Celana Mizuno Full Printing Kolor Olahraga Pria Kolor Volly Celana Pendek Kolor Pria Katok Kolor Pria Kolor Badminton Pria Kolor Lari Pria Joging,"Kubus Hijau,XL",product_not_mapped,
849,17618962718,Best Seller Kolor Mizuno Celana Mizuno Full Printing Kolor Olahraga Pria Kolor Volly Celana Pendek Kolor Pria Katok Kolor Pria Kolor Badminton Pria Kolor Lari Pria Joging,"Garuda Hijau,L",product_not_mapped,
850,17618962718,Best Seller Kolor Mizuno Celana Mizuno Full Printing Kolor Olahraga Pria Kolor Volly Celana Pendek Kolor Pria Katok Kolor Pria Kolor Badminton Pria Kolor Lari Pria Joging,"Garuda Hijau,M",product_not_mapped,
851,17618962718,Best Seller Kolor Mizuno Celana Mizuno Full Printing Kolor Olahraga Pria Kolor Volly Celana Pendek Kolor Pria Katok Kolor Pria Kolor Badminton Pria Kolor Lari Pria Joging,"Kubus Oren,M",product_not_mapped,
852,17618962718,Best Seller Kolor Mizuno Celana Mizuno Full Printing Kolor Olahraga Pria Kolor Volly Celana Pendek Kolor Pria Katok Kolor Pria Kolor Badminton Pria Kolor Lari Pria Joging,"Kubus Biru,XL",product_not_mapped,
853,17618962718,Best Seller Kolor Mizuno Celana Mizuno Full Printing Kolor Olahraga Pria Kolor Volly Celana Pendek Kolor Pria Katok Kolor Pria Kolor Badminton Pria Kolor Lari Pria Joging,"Garuda Merah,L",product_not_mapped,
854,17618962718,Best Seller Kolor Mizuno Celana Mizuno Full Printing Kolor Olahraga Pria Kolor Volly Celana Pendek Kolor Pria Katok Kolor Pria Kolor Badminton Pria Kolor Lari Pria Joging,"Garuda Oren,XL",product_not_mapped,
855,17618962718,Best Seller Kolor Mizuno Celana Mizuno Full Printing Kolor Olahraga Pria Kolor Volly Celana Pendek Kolor Pria Katok Kolor Pria Kolor Badminton Pria Kolor Lari Pria Joging,"Garuda Biru,L",product_not_mapped,
856,17618962718,Best Seller Kolor Mizuno Celana Mizuno Full Printing Kolor Olahraga Pria Kolor Volly Celana Pendek Kolor Pria Katok Kolor Pria Kolor Badminton Pria Kolor Lari Pria Joging,"Garuda Biru,XL",product_not_mapped,
857,17618962718,Best Seller Kolor Mizuno Celana Mizuno Full Printing Kolor Olahraga Pria Kolor Volly Celana Pendek Kolor Pria Katok Kolor Pria Kolor Badminton Pria Kolor Lari Pria Joging,"Kubus Oren,XL",product_not_mapped,
858,17618962718,Best Seller Kolor Mizuno Celana Mizuno Full Printing Kolor Olahraga Pria Kolor Volly Celana Pendek Kolor Pria Katok Kolor Pria Kolor Badminton Pria Kolor Lari Pria Joging,"Kubus Hijau,M",product_not_mapped,
859,17618962718,Best Seller Kolor Mizuno Celana Mizuno Full Printing Kolor Olahraga Pria Kolor Volly Celana Pendek Kolor Pria Katok Kolor Pria Kolor Badminton Pria Kolor Lari Pria Joging,"Garuda Merah,M",product_not_mapped,
860,17618962718,Best Seller Kolor Mizuno Celana Mizuno Full Printing Kolor Olahraga Pria Kolor Volly Celana Pendek Kolor Pria Katok Kolor Pria Kolor Badminton Pria Kolor Lari Pria Joging,"Garuda Kuning,M",product_not_mapped,
861,17618962718,Best Seller Kolor Mizuno Celana Mizuno Full Printing Kolor Olahraga Pria Kolor Volly Celana Pendek Kolor Pria Katok Kolor Pria Kolor Badminton Pria Kolor Lari Pria Joging,"Garuda Kuning,L",product_not_mapped,
862,17618962718,Best Seller Kolor Mizuno Celana Mizuno Full Printing Kolor Olahraga Pria Kolor Volly Celana Pendek Kolor Pria Katok Kolor Pria Kolor Badminton Pria Kolor Lari Pria Joging,"Garuda Oren,L",product_not_mapped,
863,17618962718,Best Seller Kolor Mizuno Celana Mizuno Full Printing Kolor Olahraga Pria Kolor Volly Celana Pendek Kolor Pria Katok Kolor Pria Kolor Badminton Pria Kolor Lari Pria Joging,"Garuda Kuning,XL",product_not_mapped,
864,17618962718,Best Seller Kolor Mizuno Celana Mizuno Full Printing Kolor Olahraga Pria Kolor Volly Celana Pendek Kolor Pria Katok Kolor Pria Kolor Badminton Pria Kolor Lari Pria Joging,"Kubus Merah,L",product_not_mapped,
865,17618962718,Best Seller Kolor Mizuno Celana Mizuno Full Printing Kolor Olahraga Pria Kolor Volly Celana Pendek Kolor Pria Katok Kolor Pria Kolor Badminton Pria Kolor Lari Pria Joging,"Garuda Hijau,XL",product_not_mapped,
866,17618962718,Best Seller Kolor Mizuno Celana Mizuno Full Printing Kolor Olahraga Pria Kolor Volly Celana Pendek Kolor Pria Katok Kolor Pria Kolor Badminton Pria Kolor Lari Pria Joging,"Kubus Biru,L",product_not_mapped,
867,17618962718,Best Seller Kolor Mizuno Celana Mizuno Full Printing Kolor Olahraga Pria Kolor Volly Celana Pendek Kolor Pria Katok Kolor Pria Kolor Badminton Pria Kolor Lari Pria Joging,"Kubus Merah,XL",product_not_mapped,
868,17618962718,Best Seller Kolor Mizuno Celana Mizuno Full Printing Kolor Olahraga Pria Kolor Volly Celana Pendek Kolor Pria Katok Kolor Pria Kolor Badminton Pria Kolor Lari Pria Joging,"Kubus Kuning,M",product_not_mapped,
869,17618962718,Best Seller Kolor Mizuno Celana Mizuno Full Printing Kolor Olahraga Pria Kolor Volly Celana Pendek Kolor Pria Katok Kolor Pria Kolor Badminton Pria Kolor Lari Pria Joging,"Kubus Hijau,L",product_not_mapped,
870,17618962718,Best Seller Kolor Mizuno Celana Mizuno Full Printing Kolor Olahraga Pria Kolor Volly Celana Pendek Kolor Pria Katok Kolor Pria Kolor Badminton Pria Kolor Lari Pria Joging,"Kubus Kuning,XL",product_not_mapped,
871,17618962718,Best Seller Kolor Mizuno Celana Mizuno Full Printing Kolor Olahraga Pria Kolor Volly Celana Pendek Kolor Pria Katok Kolor Pria Kolor Badminton Pria Kolor Lari Pria Joging,"Kubus Biru,M",product_not_mapped,
872,17618962718,Best Seller Kolor Mizuno Celana Mizuno Full Printing Kolor Olahraga Pria Kolor Volly Celana Pendek Kolor Pria Katok Kolor Pria Kolor Badminton Pria Kolor Lari Pria Joging,"Garuda Merah,XL",product_not_mapped,
873,17618962718,Best Seller Kolor Mizuno Celana Mizuno Full Printing Kolor Olahraga Pria Kolor Volly Celana Pendek Kolor Pria Katok Kolor Pria Kolor Badminton Pria Kolor Lari Pria Joging,"Kubus Oren,L",product_not_mapped,
874,17618962718,Best Seller Kolor Mizuno Celana Mizuno Full Printing Kolor Olahraga Pria Kolor Volly Celana Pendek Kolor Pria Katok Kolor Pria Kolor Badminton Pria Kolor Lari Pria Joging,"Garuda Oren,M",product_not_mapped,
875,17618962718,Best Seller Kolor Mizuno Celana Mizuno Full Printing Kolor Olahraga Pria Kolor Volly Celana Pendek Kolor Pria Katok Kolor Pria Kolor Badminton Pria Kolor Lari Pria Joging,"Kubus Merah,M",product_not_mapped,
876,17618962718,Best Seller Kolor Mizuno Celana Mizuno Full Printing Kolor Olahraga Pria Kolor Volly Celana Pendek Kolor Pria Katok Kolor Pria Kolor Badminton Pria Kolor Lari Pria Joging,"Kubus Kuning,L",product_not_mapped,
877,17338071748,Kaos Dalam Anak Lusinan 12 Pcs 3 Warna Singlet Anak Lusinan Laki Laki Perempuan Singlet Anak 1 Lusin,XL (6 PCS),product_not_mapped,
878,17338071748,Kaos Dalam Anak Lusinan 12 Pcs 3 Warna Singlet Anak Lusinan Laki Laki Perempuan Singlet Anak 1 Lusin,XXXL = L3 (6 PCS),product_not_mapped,
879,17338071748,Kaos Dalam Anak Lusinan 12 Pcs 3 Warna Singlet Anak Lusinan Laki Laki Perempuan Singlet Anak 1 Lusin,XL (12 PCS),product_not_mapped,
880,17338071748,Kaos Dalam Anak Lusinan 12 Pcs 3 Warna Singlet Anak Lusinan Laki Laki Perempuan Singlet Anak 1 Lusin,L (6 PCS),product_not_mapped,
881,17338071748,Kaos Dalam Anak Lusinan 12 Pcs 3 Warna Singlet Anak Lusinan Laki Laki Perempuan Singlet Anak 1 Lusin,M (12 PCS),product_not_mapped,
882,17338071748,Kaos Dalam Anak Lusinan 12 Pcs 3 Warna Singlet Anak Lusinan Laki Laki Perempuan Singlet Anak 1 Lusin,S (12 PCS),product_not_mapped,
883,17338071748,Kaos Dalam Anak Lusinan 12 Pcs 3 Warna Singlet Anak Lusinan Laki Laki Perempuan Singlet Anak 1 Lusin,L (12 PCS),product_not_mapped,
884,17338071748,Kaos Dalam Anak Lusinan 12 Pcs 3 Warna Singlet Anak Lusinan Laki Laki Perempuan Singlet Anak 1 Lusin,S (6 PCS),product_not_mapped,
885,17338071748,Kaos Dalam Anak Lusinan 12 Pcs 3 Warna Singlet Anak Lusinan Laki Laki Perempuan Singlet Anak 1 Lusin,XXXL = L3 (12 PCS),product_not_mapped,
886,17338071748,Kaos Dalam Anak Lusinan 12 Pcs 3 Warna Singlet Anak Lusinan Laki Laki Perempuan Singlet Anak 1 Lusin,M (6 PCS),product_not_mapped,
908,16307270256,Best Seller Celana Sirwal Cargo Pria Dewasa Celana Cingkrang Pria Celana Sirwal Kargo Celana Cargo Pria Panjang Celana Muslim Pria,"Army Tua,XXL",product_not_mapped,
909,16307270256,Best Seller Celana Sirwal Cargo Pria Dewasa Celana Cingkrang Pria Celana Sirwal Kargo Celana Cargo Pria Panjang Celana Muslim Pria,"Abu Tua,L",product_not_mapped,
910,16307270256,Best Seller Celana Sirwal Cargo Pria Dewasa Celana Cingkrang Pria Celana Sirwal Kargo Celana Cargo Pria Panjang Celana Muslim Pria,"Abu Tua,XXL",product_not_mapped,
911,16307270256,Best Seller Celana Sirwal Cargo Pria Dewasa Celana Cingkrang Pria Celana Sirwal Kargo Celana Cargo Pria Panjang Celana Muslim Pria,"Abu Tua,XL",product_not_mapped,
912,16307270256,Best Seller Celana Sirwal Cargo Pria Dewasa Celana Cingkrang Pria Celana Sirwal Kargo Celana Cargo Pria Panjang Celana Muslim Pria,"Army Tua,L",product_not_mapped,
913,16307270256,Best Seller Celana Sirwal Cargo Pria Dewasa Celana Cingkrang Pria Celana Sirwal Kargo Celana Cargo Pria Panjang Celana Muslim Pria,"Navy,L",product_not_mapped,
914,16307270256,Best Seller Celana Sirwal Cargo Pria Dewasa Celana Cingkrang Pria Celana Sirwal Kargo Celana Cargo Pria Panjang Celana Muslim Pria,"Olive,M",product_not_mapped,
915,16307270256,Best Seller Celana Sirwal Cargo Pria Dewasa Celana Cingkrang Pria Celana Sirwal Kargo Celana Cargo Pria Panjang Celana Muslim Pria,"Olive,XL",product_not_mapped,
916,16307270256,Best Seller Celana Sirwal Cargo Pria Dewasa Celana Cingkrang Pria Celana Sirwal Kargo Celana Cargo Pria Panjang Celana Muslim Pria,"Hitam,M",product_not_mapped,
917,16307270256,Best Seller Celana Sirwal Cargo Pria Dewasa Celana Cingkrang Pria Celana Sirwal Kargo Celana Cargo Pria Panjang Celana Muslim Pria,"Abu Tua,M",product_not_mapped,
918,16307270256,Best Seller Celana Sirwal Cargo Pria Dewasa Celana Cingkrang Pria Celana Sirwal Kargo Celana Cargo Pria Panjang Celana Muslim Pria,"Pemda,XXL",product_not_mapped,
919,16307270256,Best Seller Celana Sirwal Cargo Pria Dewasa Celana Cingkrang Pria Celana Sirwal Kargo Celana Cargo Pria Panjang Celana Muslim Pria,"Pemda,M",product_not_mapped,
920,16307270256,Best Seller Celana Sirwal Cargo Pria Dewasa Celana Cingkrang Pria Celana Sirwal Kargo Celana Cargo Pria Panjang Celana Muslim Pria,"Pemda,L",product_not_mapped,
921,16307270256,Best Seller Celana Sirwal Cargo Pria Dewasa Celana Cingkrang Pria Celana Sirwal Kargo Celana Cargo Pria Panjang Celana Muslim Pria,"Hitam,XXL",product_not_mapped,
922,16307270256,Best Seller Celana Sirwal Cargo Pria Dewasa Celana Cingkrang Pria Celana Sirwal Kargo Celana Cargo Pria Panjang Celana Muslim Pria,"Olive,L",product_not_mapped,
923,16307270256,Best Seller Celana Sirwal Cargo Pria Dewasa Celana Cingkrang Pria Celana Sirwal Kargo Celana Cargo Pria Panjang Celana Muslim Pria,"Navy,M",product_not_mapped,
924,16307270256,Best Seller Celana Sirwal Cargo Pria Dewasa Celana Cingkrang Pria Celana Sirwal Kargo Celana Cargo Pria Panjang Celana Muslim Pria,"Krem,XL",product_not_mapped,
925,16307270256,Best Seller Celana Sirwal Cargo Pria Dewasa Celana Cingkrang Pria Celana Sirwal Kargo Celana Cargo Pria Panjang Celana Muslim Pria,"Krem,L",product_not_mapped,
926,16307270256,Best Seller Celana Sirwal Cargo Pria Dewasa Celana Cingkrang Pria Celana Sirwal Kargo Celana Cargo Pria Panjang Celana Muslim Pria,"Krem,M",product_not_mapped,
927,16307270256,Best Seller Celana Sirwal Cargo Pria Dewasa Celana Cingkrang Pria Celana Sirwal Kargo Celana Cargo Pria Panjang Celana Muslim Pria,"Army Tua,XL",product_not_mapped,
928,16307270256,Best Seller Celana Sirwal Cargo Pria Dewasa Celana Cingkrang Pria Celana Sirwal Kargo Celana Cargo Pria Panjang Celana Muslim Pria,"Pemda,XL",product_not_mapped,
929,16307270256,Best Seller Celana Sirwal Cargo Pria Dewasa Celana Cingkrang Pria Celana Sirwal Kargo Celana Cargo Pria Panjang Celana Muslim Pria,"Krem,XXL",product_not_mapped,
930,16307270256,Best Seller Celana Sirwal Cargo Pria Dewasa Celana Cingkrang Pria Celana Sirwal Kargo Celana Cargo Pria Panjang Celana Muslim Pria,"Hitam,L",product_not_mapped,
931,16307270256,Best Seller Celana Sirwal Cargo Pria Dewasa Celana Cingkrang Pria Celana Sirwal Kargo Celana Cargo Pria Panjang Celana Muslim Pria,"Army Tua,M",product_not_mapped,
932,16307270256,Best Seller Celana Sirwal Cargo Pria Dewasa Celana Cingkrang Pria Celana Sirwal Kargo Celana Cargo Pria Panjang Celana Muslim Pria,"Navy,XXL",product_not_mapped,
933,16307270256,Best Seller Celana Sirwal Cargo Pria Dewasa Celana Cingkrang Pria Celana Sirwal Kargo Celana Cargo Pria Panjang Celana Muslim Pria,"Hitam,XL",product_not_mapped,
934,16307270256,Best Seller Celana Sirwal Cargo Pria Dewasa Celana Cingkrang Pria Celana Sirwal Kargo Celana Cargo Pria Panjang Celana Muslim Pria,"Navy,XL",product_not_mapped,
935,16307270256,Best Seller Celana Sirwal Cargo Pria Dewasa Celana Cingkrang Pria Celana Sirwal Kargo Celana Cargo Pria Panjang Celana Muslim Pria,"Olive,XXL",product_not_mapped,
997,16092916076,Best Seller 2 In 1 Blazer Pria Dan Rompi Formal Tuxedo Bahan Premium Korean Style Jas Kantoran Outfit Wisuda Pakaian Nikah Laki Laki  Pakaian Sidang Skripsi Pakaian Meeting,"Moka,S",color_not_in_master,
1010,16092916076,Best Seller 2 In 1 Blazer Pria Dan Rompi Formal Tuxedo Bahan Premium Korean Style Jas Kantoran Outfit Wisuda Pakaian Nikah Laki Laki  Pakaian Sidang Skripsi Pakaian Meeting,"Moka,XL",color_not_in_master,
1015,16092916076,Best Seller 2 In 1 Blazer Pria Dan Rompi Formal Tuxedo Bahan Premium Korean Style Jas Kantoran Outfit Wisuda Pakaian Nikah Laki Laki  Pakaian Sidang Skripsi Pakaian Meeting,"Moka,L",color_not_in_master,
1031,16092916076,Best Seller 2 In 1 Blazer Pria Dan Rompi Formal Tuxedo Bahan Premium Korean Style Jas Kantoran Outfit Wisuda Pakaian Nikah Laki Laki  Pakaian Sidang Skripsi Pakaian Meeting,"Moka,M",color_not_in_master,
1045,16092916076,Best Seller 2 In 1 Blazer Pria Dan Rompi Formal Tuxedo Bahan Premium Korean Style Jas Kantoran Outfit Wisuda Pakaian Nikah Laki Laki  Pakaian Sidang Skripsi Pakaian Meeting,"Moka,XXL",color_not_in_master,
1047,16092916076,Best Seller 2 In 1 Blazer Pria Dan Rompi Formal Tuxedo Bahan Premium Korean Style Jas Kantoran Outfit Wisuda Pakaian Nikah Laki Laki  Pakaian Sidang Skripsi Pakaian Meeting,"Moka,XXXL",color_not_in_master,
1127,15790000534,Best Seller Celana Kulot High Waist Wanita Style Korean Cullote Loose Pants Bahan Adem Dan Tebal Juga Jatuh,"Rose Gold,XL",product_not_mapped,
1128,15790000534,Best Seller Celana Kulot High Waist Wanita Style Korean Cullote Loose Pants Bahan Adem Dan Tebal Juga Jatuh,"Mocca,L",product_not_mapped,
1129,15790000534,Best Seller Celana Kulot High Waist Wanita Style Korean Cullote Loose Pants Bahan Adem Dan Tebal Juga Jatuh,"Rose Gold,M",product_not_mapped,
1130,15790000534,Best Seller Celana Kulot High Waist Wanita Style Korean Cullote Loose Pants Bahan Adem Dan Tebal Juga Jatuh,"Hitam,XL",product_not_mapped,
1131,15790000534,Best Seller Celana Kulot High Waist Wanita Style Korean Cullote Loose Pants Bahan Adem Dan Tebal Juga Jatuh,"Mocca,M",product_not_mapped,
1132,15790000534,Best Seller Celana Kulot High Waist Wanita Style Korean Cullote Loose Pants Bahan Adem Dan Tebal Juga Jatuh,"Abu Tua,M",product_not_mapped,
1133,15790000534,Best Seller Celana Kulot High Waist Wanita Style Korean Cullote Loose Pants Bahan Adem Dan Tebal Juga Jatuh,"Latte,M",product_not_mapped,
1134,15790000534,Best Seller Celana Kulot High Waist Wanita Style Korean Cullote Loose Pants Bahan Adem Dan Tebal Juga Jatuh,"Abu Muda,L",product_not_mapped,
1135,15790000534,Best Seller Celana Kulot High Waist Wanita Style Korean Cullote Loose Pants Bahan Adem Dan Tebal Juga Jatuh,"Abu Muda,M",product_not_mapped,
1136,15790000534,Best Seller Celana Kulot High Waist Wanita Style Korean Cullote Loose Pants Bahan Adem Dan Tebal Juga Jatuh,"Navy,M",product_not_mapped,
1137,15790000534,Best Seller Celana Kulot High Waist Wanita Style Korean Cullote Loose Pants Bahan Adem Dan Tebal Juga Jatuh,"Abu Tua,L",product_not_mapped,
1138,15790000534,Best Seller Celana Kulot High Waist Wanita Style Korean Cullote Loose Pants Bahan Adem Dan Tebal Juga Jatuh,"Hitam,L",product_not_mapped,
1139,15790000534,Best Seller Celana Kulot High Waist Wanita Style Korean Cullote Loose Pants Bahan Adem Dan Tebal Juga Jatuh,"Hitam,M",product_not_mapped,
1140,15790000534,Best Seller Celana Kulot High Waist Wanita Style Korean Cullote Loose Pants Bahan Adem Dan Tebal Juga Jatuh,"Latte,L",product_not_mapped,
1141,15790000534,Best Seller Celana Kulot High Waist Wanita Style Korean Cullote Loose Pants Bahan Adem Dan Tebal Juga Jatuh,"Abu Muda,XL",product_not_mapped,
1142,15790000534,Best Seller Celana Kulot High Waist Wanita Style Korean Cullote Loose Pants Bahan Adem Dan Tebal Juga Jatuh,"Latte,XL",product_not_mapped,
1143,15790000534,Best Seller Celana Kulot High Waist Wanita Style Korean Cullote Loose Pants Bahan Adem Dan Tebal Juga Jatuh,"Abu Tua,XL",product_not_mapped,
1144,15790000534,Best Seller Celana Kulot High Waist Wanita Style Korean Cullote Loose Pants Bahan Adem Dan Tebal Juga Jatuh,"Rose Gold,L",product_not_mapped,
1145,15790000534,Best Seller Celana Kulot High Waist Wanita Style Korean Cullote Loose Pants Bahan Adem Dan Tebal Juga Jatuh,"Mocca,XL",product_not_mapped,
1146,15790000534,Best Seller Celana Kulot High Waist Wanita Style Korean Cullote Loose Pants Bahan Adem Dan Tebal Juga Jatuh,"Navy,XL",product_not_mapped,
1147,15790000534,Best Seller Celana Kulot High Waist Wanita Style Korean Cullote Loose Pants Bahan Adem Dan Tebal Juga Jatuh,"Navy,L",product_not_mapped,
1148,15752296555,Best Seller Celana Sirwal Pria Polos Premium Celana Cingkrang Pria Celana Muslim Pria Celana Sirwal Premium Celana Cingkrang Pria,"Moka,XL",product_not_mapped,
1149,15752296555,Best Seller Celana Sirwal Pria Polos Premium Celana Cingkrang Pria Celana Muslim Pria Celana Sirwal Premium Celana Cingkrang Pria,"Krem,XL",product_not_mapped,
1150,15752296555,Best Seller Celana Sirwal Pria Polos Premium Celana Cingkrang Pria Celana Muslim Pria Celana Sirwal Premium Celana Cingkrang Pria,"Hitam,L",product_not_mapped,
1151,15752296555,Best Seller Celana Sirwal Pria Polos Premium Celana Cingkrang Pria Celana Muslim Pria Celana Sirwal Premium Celana Cingkrang Pria,"Abu Lumut,L",product_not_mapped,
1152,15752296555,Best Seller Celana Sirwal Pria Polos Premium Celana Cingkrang Pria Celana Muslim Pria Celana Sirwal Premium Celana Cingkrang Pria,"Abu Lumut,XXL",product_not_mapped,
1153,15752296555,Best Seller Celana Sirwal Pria Polos Premium Celana Cingkrang Pria Celana Muslim Pria Celana Sirwal Premium Celana Cingkrang Pria,"Krem,M",product_not_mapped,
1154,15752296555,Best Seller Celana Sirwal Pria Polos Premium Celana Cingkrang Pria Celana Muslim Pria Celana Sirwal Premium Celana Cingkrang Pria,"Moka,M",product_not_mapped,
1155,15752296555,Best Seller Celana Sirwal Pria Polos Premium Celana Cingkrang Pria Celana Muslim Pria Celana Sirwal Premium Celana Cingkrang Pria,"Krem,XXL",product_not_mapped,
1156,15752296555,Best Seller Celana Sirwal Pria Polos Premium Celana Cingkrang Pria Celana Muslim Pria Celana Sirwal Premium Celana Cingkrang Pria,"Abu Tua,XXL",product_not_mapped,
1157,15752296555,Best Seller Celana Sirwal Pria Polos Premium Celana Cingkrang Pria Celana Muslim Pria Celana Sirwal Premium Celana Cingkrang Pria,"Hitam,M",product_not_mapped,
1158,15752296555,Best Seller Celana Sirwal Pria Polos Premium Celana Cingkrang Pria Celana Muslim Pria Celana Sirwal Premium Celana Cingkrang Pria,"Moka,XXL",product_not_mapped,
1159,15752296555,Best Seller Celana Sirwal Pria Polos Premium Celana Cingkrang Pria Celana Muslim Pria Celana Sirwal Premium Celana Cingkrang Pria,"Abu Tua,M",product_not_mapped,
1160,15752296555,Best Seller Celana Sirwal Pria Polos Premium Celana Cingkrang Pria Celana Muslim Pria Celana Sirwal Premium Celana Cingkrang Pria,"Krem,L",product_not_mapped,
1161,15752296555,Best Seller Celana Sirwal Pria Polos Premium Celana Cingkrang Pria Celana Muslim Pria Celana Sirwal Premium Celana Cingkrang Pria,"Navy,XXL",product_not_mapped,
1162,15752296555,Best Seller Celana Sirwal Pria Polos Premium Celana Cingkrang Pria Celana Muslim Pria Celana Sirwal Premium Celana Cingkrang Pria,"Moka,L",product_not_mapped,
1163,15752296555,Best Seller Celana Sirwal Pria Polos Premium Celana Cingkrang Pria Celana Muslim Pria Celana Sirwal Premium Celana Cingkrang Pria,"Navy,L",product_not_mapped,
1164,15752296555,Best Seller Celana Sirwal Pria Polos Premium Celana Cingkrang Pria Celana Muslim Pria Celana Sirwal Premium Celana Cingkrang Pria,"Hitam,XXL",product_not_mapped,
1165,15752296555,Best Seller Celana Sirwal Pria Polos Premium Celana Cingkrang Pria Celana Muslim Pria Celana Sirwal Premium Celana Cingkrang Pria,"Abu Tua,L",product_not_mapped,
1166,15752296555,Best Seller Celana Sirwal Pria Polos Premium Celana Cingkrang Pria Celana Muslim Pria Celana Sirwal Premium Celana Cingkrang Pria,"Abu Lumut,XL",product_not_mapped,
1167,15752296555,Best Seller Celana Sirwal Pria Polos Premium Celana Cingkrang Pria Celana Muslim Pria Celana Sirwal Premium Celana Cingkrang Pria,"Abu Tua,XL",product_not_mapped,
1168,15752296555,Best Seller Celana Sirwal Pria Polos Premium Celana Cingkrang Pria Celana Muslim Pria Celana Sirwal Premium Celana Cingkrang Pria,"Abu Lumut,M",product_not_mapped,
1169,15752296555,Best Seller Celana Sirwal Pria Polos Premium Celana Cingkrang Pria Celana Muslim Pria Celana Sirwal Premium Celana Cingkrang Pria,"Navy,XL",product_not_mapped,
1170,15752296555,Best Seller Celana Sirwal Pria Polos Premium Celana Cingkrang Pria Celana Muslim Pria Celana Sirwal Premium Celana Cingkrang Pria,"Navy,M",product_not_mapped,
1171,15752296555,Best Seller Celana Sirwal Pria Polos Premium Celana Cingkrang Pria Celana Muslim Pria Celana Sirwal Premium Celana Cingkrang Pria,"Hitam,XL",product_not_mapped,
1172,15488716851,Best Seller Celana Kulot Highwaist Cewe Warna Abu Tua Style Korea Bahan Jatuh dan Adem Cullote Highwaist Wanita,M,product_not_mapped,
1173,15488716851,Best Seller Celana Kulot Highwaist Cewe Warna Abu Tua Style Korea Bahan Jatuh dan Adem Cullote Highwaist Wanita,L,product_not_mapped,
1174,15488716851,Best Seller Celana Kulot Highwaist Cewe Warna Abu Tua Style Korea Bahan Jatuh dan Adem Cullote Highwaist Wanita,XL,product_not_mapped,
1175,15168747240,Set Piyama Anak Umur 1-3 Tahun Piyama Bayi Piyama Bayi Laki Laki Piyama Bayi Perempuan Set Pakaian Anak Baju Tidur Bayi,Bunga Pink,product_not_mapped,
1176,15168747240,Set Piyama Anak Umur 1-3 Tahun Piyama Bayi Piyama Bayi Laki Laki Piyama Bayi Perempuan Set Pakaian Anak Baju Tidur Bayi,Putih  Bunga Hijau,product_not_mapped,
1177,15168747240,Set Piyama Anak Umur 1-3 Tahun Piyama Bayi Piyama Bayi Laki Laki Piyama Bayi Perempuan Set Pakaian Anak Baju Tidur Bayi,Hewan Kuning,product_not_mapped,
1178,15168747240,Set Piyama Anak Umur 1-3 Tahun Piyama Bayi Piyama Bayi Laki Laki Piyama Bayi Perempuan Set Pakaian Anak Baju Tidur Bayi,Doraemon Hijau,product_not_mapped,
1179,15168747240,Set Piyama Anak Umur 1-3 Tahun Piyama Bayi Piyama Bayi Laki Laki Piyama Bayi Perempuan Set Pakaian Anak Baju Tidur Bayi,Hewan Biru,product_not_mapped,
1180,15168747240,Set Piyama Anak Umur 1-3 Tahun Piyama Bayi Piyama Bayi Laki Laki Piyama Bayi Perempuan Set Pakaian Anak Baju Tidur Bayi,Hewan Hijau,product_not_mapped,
1181,15168747240,Set Piyama Anak Umur 1-3 Tahun Piyama Bayi Piyama Bayi Laki Laki Piyama Bayi Perempuan Set Pakaian Anak Baju Tidur Bayi,Putih Bunga Kuning,product_not_mapped,
1182,15168747240,Set Piyama Anak Umur 1-3 Tahun Piyama Bayi Piyama Bayi Laki Laki Piyama Bayi Perempuan Set Pakaian Anak Baju Tidur Bayi,Putih Bunga Merah,product_not_mapped,
1183,15168747240,Set Piyama Anak Umur 1-3 Tahun Piyama Bayi Piyama Bayi Laki Laki Piyama Bayi Perempuan Set Pakaian Anak Baju Tidur Bayi,Bunga Kuning,product_not_mapped,
1184,15168747240,Set Piyama Anak Umur 1-3 Tahun Piyama Bayi Piyama Bayi Laki Laki Piyama Bayi Perempuan Set Pakaian Anak Baju Tidur Bayi,Doraemon Merah,product_not_mapped,
1185,15168747240,Set Piyama Anak Umur 1-3 Tahun Piyama Bayi Piyama Bayi Laki Laki Piyama Bayi Perempuan Set Pakaian Anak Baju Tidur Bayi,Bunga Biru,product_not_mapped,
1186,15168747240,Set Piyama Anak Umur 1-3 Tahun Piyama Bayi Piyama Bayi Laki Laki Piyama Bayi Perempuan Set Pakaian Anak Baju Tidur Bayi,Putih Bunga Biru,product_not_mapped,
1187,15168747240,Set Piyama Anak Umur 1-3 Tahun Piyama Bayi Piyama Bayi Laki Laki Piyama Bayi Perempuan Set Pakaian Anak Baju Tidur Bayi,Bunga Hijau,product_not_mapped,
1188,15088717081,Best Seller Celana Kulot Highwaist Cewek Dusty Pink Bahan Tebal Jatuh Dan Adem Loose Pants Wanita,XL,product_not_mapped,
1189,15088717081,Best Seller Celana Kulot Highwaist Cewek Dusty Pink Bahan Tebal Jatuh Dan Adem Loose Pants Wanita,M,product_not_mapped,
1190,15088717081,Best Seller Celana Kulot Highwaist Cewek Dusty Pink Bahan Tebal Jatuh Dan Adem Loose Pants Wanita,L,product_not_mapped,
1479,12778031503,Best Seller Celana Sirwal Cargo Pria Premium Celana Sirwal Pria Celana Pangsi Celana Cingkrang Pria Celana Komprang Model Kargo,"Navy,XXL",product_not_mapped,
1480,12778031503,Best Seller Celana Sirwal Cargo Pria Premium Celana Sirwal Pria Celana Pangsi Celana Cingkrang Pria Celana Komprang Model Kargo,"Hitam,L",product_not_mapped,
1481,12778031503,Best Seller Celana Sirwal Cargo Pria Premium Celana Sirwal Pria Celana Pangsi Celana Cingkrang Pria Celana Komprang Model Kargo,"Olive,S",product_not_mapped,
1482,12778031503,Best Seller Celana Sirwal Cargo Pria Premium Celana Sirwal Pria Celana Pangsi Celana Cingkrang Pria Celana Komprang Model Kargo,"Navy,L",product_not_mapped,
1483,12778031503,Best Seller Celana Sirwal Cargo Pria Premium Celana Sirwal Pria Celana Pangsi Celana Cingkrang Pria Celana Komprang Model Kargo,"Navy,S",product_not_mapped,
1484,12778031503,Best Seller Celana Sirwal Cargo Pria Premium Celana Sirwal Pria Celana Pangsi Celana Cingkrang Pria Celana Komprang Model Kargo,"Navy,XL",product_not_mapped,
1485,12778031503,Best Seller Celana Sirwal Cargo Pria Premium Celana Sirwal Pria Celana Pangsi Celana Cingkrang Pria Celana Komprang Model Kargo,"Abu Tua,S",product_not_mapped,
1486,12778031503,Best Seller Celana Sirwal Cargo Pria Premium Celana Sirwal Pria Celana Pangsi Celana Cingkrang Pria Celana Komprang Model Kargo,"Abu Tua,L",product_not_mapped,
1487,12778031503,Best Seller Celana Sirwal Cargo Pria Premium Celana Sirwal Pria Celana Pangsi Celana Cingkrang Pria Celana Komprang Model Kargo,"Army Tua,S",product_not_mapped,
1488,12778031503,Best Seller Celana Sirwal Cargo Pria Premium Celana Sirwal Pria Celana Pangsi Celana Cingkrang Pria Celana Komprang Model Kargo,"Krem,L",product_not_mapped,
1489,12778031503,Best Seller Celana Sirwal Cargo Pria Premium Celana Sirwal Pria Celana Pangsi Celana Cingkrang Pria Celana Komprang Model Kargo,"Hitam,S",product_not_mapped,
1490,12778031503,Best Seller Celana Sirwal Cargo Pria Premium Celana Sirwal Pria Celana Pangsi Celana Cingkrang Pria Celana Komprang Model Kargo,"Olive,XXL",product_not_mapped,
1491,12778031503,Best Seller Celana Sirwal Cargo Pria Premium Celana Sirwal Pria Celana Pangsi Celana Cingkrang Pria Celana Komprang Model Kargo,"Hitam,XL",product_not_mapped,
1492,12778031503,Best Seller Celana Sirwal Cargo Pria Premium Celana Sirwal Pria Celana Pangsi Celana Cingkrang Pria Celana Komprang Model Kargo,"Pemda,L",product_not_mapped,
1493,12778031503,Best Seller Celana Sirwal Cargo Pria Premium Celana Sirwal Pria Celana Pangsi Celana Cingkrang Pria Celana Komprang Model Kargo,"Abu Tua,XL",product_not_mapped,
1494,12778031503,Best Seller Celana Sirwal Cargo Pria Premium Celana Sirwal Pria Celana Pangsi Celana Cingkrang Pria Celana Komprang Model Kargo,"Krem,XXL",product_not_mapped,
1495,12778031503,Best Seller Celana Sirwal Cargo Pria Premium Celana Sirwal Pria Celana Pangsi Celana Cingkrang Pria Celana Komprang Model Kargo,"Hitam,XXL",product_not_mapped,
1496,12778031503,Best Seller Celana Sirwal Cargo Pria Premium Celana Sirwal Pria Celana Pangsi Celana Cingkrang Pria Celana Komprang Model Kargo,"Olive,L",product_not_mapped,
1497,12778031503,Best Seller Celana Sirwal Cargo Pria Premium Celana Sirwal Pria Celana Pangsi Celana Cingkrang Pria Celana Komprang Model Kargo,"Army Tua,XXL",product_not_mapped,
1498,12778031503,Best Seller Celana Sirwal Cargo Pria Premium Celana Sirwal Pria Celana Pangsi Celana Cingkrang Pria Celana Komprang Model Kargo,"Pemda,XXL",product_not_mapped,
1499,12778031503,Best Seller Celana Sirwal Cargo Pria Premium Celana Sirwal Pria Celana Pangsi Celana Cingkrang Pria Celana Komprang Model Kargo,"Pemda,S",product_not_mapped,
1500,12778031503,Best Seller Celana Sirwal Cargo Pria Premium Celana Sirwal Pria Celana Pangsi Celana Cingkrang Pria Celana Komprang Model Kargo,"Army Tua,L",product_not_mapped,
1501,12778031503,Best Seller Celana Sirwal Cargo Pria Premium Celana Sirwal Pria Celana Pangsi Celana Cingkrang Pria Celana Komprang Model Kargo,"Krem,S",product_not_mapped,
1502,12778031503,Best Seller Celana Sirwal Cargo Pria Premium Celana Sirwal Pria Celana Pangsi Celana Cingkrang Pria Celana Komprang Model Kargo,"Olive,XL",product_not_mapped,
1503,12778031503,Best Seller Celana Sirwal Cargo Pria Premium Celana Sirwal Pria Celana Pangsi Celana Cingkrang Pria Celana Komprang Model Kargo,"Abu Tua,XXL",product_not_mapped,
1504,12778031503,Best Seller Celana Sirwal Cargo Pria Premium Celana Sirwal Pria Celana Pangsi Celana Cingkrang Pria Celana Komprang Model Kargo,"Pemda,XL",product_not_mapped,
1505,12778031503,Best Seller Celana Sirwal Cargo Pria Premium Celana Sirwal Pria Celana Pangsi Celana Cingkrang Pria Celana Komprang Model Kargo,"Army Tua,XL",product_not_mapped,
1506,12778031503,Best Seller Celana Sirwal Cargo Pria Premium Celana Sirwal Pria Celana Pangsi Celana Cingkrang Pria Celana Komprang Model Kargo,"Krem,XL",product_not_mapped,
1555,10696834504,Best Seller Celana Kullot Highwaist Wanita Hitam Style Korea Bahan Jatuh Tebal Dan Adem Loose Pants Cewek,L,product_not_mapped,
1556,10696834504,Best Seller Celana Kullot Highwaist Wanita Hitam Style Korea Bahan Jatuh Tebal Dan Adem Loose Pants Cewek,XL,product_not_mapped,
1557,10696834504,Best Seller Celana Kullot Highwaist Wanita Hitam Style Korea Bahan Jatuh Tebal Dan Adem Loose Pants Cewek,M,product_not_mapped,
1558,8199523431,Best Seller Celana Kulot Highwaist Wanita Warna Abu Muda Loose Pants Cewek Bahan Jatuh Adem Dan Tebal Kulot Pants Cewe,M,product_not_mapped,
1559,8199523431,Best Seller Celana Kulot Highwaist Wanita Warna Abu Muda Loose Pants Cewek Bahan Jatuh Adem Dan Tebal Kulot Pants Cewe,L,product_not_mapped,
1560,8199523431,Best Seller Celana Kulot Highwaist Wanita Warna Abu Muda Loose Pants Cewek Bahan Jatuh Adem Dan Tebal Kulot Pants Cewe,XL,product_not_mapped,
